package,category,component
ABACUS,other,NA
ABHgenotypeR,other,NA
ACDm,other,NA
AFFECT,other,NA
AFR,other,NA
AFheritability,other,NA
AHPGaussian,other,NA
AHPWR,other,NA
AID,other,NA
AIPW,other,NA
AMPLE,other,NA
ANN2,other,NA
ANOFA,other,NA
ANOM,other,NA
ANOPA,other,NA
ANOVAIREVA,other,NA
APCI,other,NA
APCtools,other,NA
APIS,other,NA
APRScenario,other,NA
APTIcalc,other,NA
APackOfTheClones,other,NA
AQEval,other,NA
ARCensReg,other,NA
ARCokrig,other,NA
ARDL,other,NA
ASML,other,NA
ASRgenomics,other,NA
ATE.ERROR,other,NA
ATQ,other,NA
AVGAS,other,NA
AcademicThemes,in grammar,Scale
AccelStab,other,NA
AcceptReject,other,NA
ActivePathways,other,NA
AdIsMF,other,NA
AdsorpR,other,NA
AdverseEvents,other,NA
AeRobiology,other,NA
AeroSampleR,other,NA
AgeBandDecomposition,other,NA
AgePopDenom,other,NA
AgeTopicModels,other,NA
AgroR,other,NA
AgroReg,in grammar,Layer (Geom/Stat)
AgroTech,other,NA
AlphaPart,other,NA
AmpliconDuo,other,NA
Anaconda,other,NA
Analitica,other,NA
AnanseSeurat,other,NA
AnglerCreelSurveySimulation,other,NA
AnimalSequences,other,NA
AnnoProbe,other,NA
AquaticLifeHistory,other,NA
Athlytics,other,NA
AudioScatter,other,NA
AutoAds,other,NA
AutoScore,other,NA
AvInertia,other,NA
BACCT,other,NA
BAwiR,other,NA
BBEST,other,NA
BCClong,other,NA
BCEA,other,NA
BDEsize,other,NA
BDgraph,other,NA
BEKKs,other,NA
BETS,other,NA
BElikelihood,other,NA
BFF,other,NA
BGGM,other,NA
BGPhazard,other,NA
BIDistances,other,NA
BIGL,other,NA
BIOMASS,other,NA
BKTR,other,NA
BLRShiny,other,NA
BLRShiny2,other,NA
BMEmapping,other,NA
BNPdensity,other,NA
BNPmix,other,NA
BNSP,other,NA
BOLDconnectR,other,NA
BOP2FE,other,NA
BREADR,other,NA
BRcal,other,NA
BSL,other,NA
BSPBSS,other,NA
BSTFA,other,NA
BSTZINB,other,NA
BTSPAS,other,NA
BTdecayLasso,other,NA
BVARverse,other,NA
BasketballAnalyzeR,other,NA
BayesCTDesign,other,NA
BayesCVI,other,NA
BayesChange,other,NA
BayesERtools,other,NA
BayesFBHborrow,other,NA
BayesFM,other,NA
BayesGrowth,other,NA
BayesMallows,other,NA
BayesMortalityPlus,other,NA
BayesMultiMode,other,NA
BayesPostEst,other,NA
BayesPower,other,NA
BayesRS,other,NA
BayesSIM,other,NA
BayesSenMC,other,NA
BayesSurvival,other,NA
BayesSurvive,other,NA
BayesTools,in grammar,Layer (Geom/Stat)
BayesianFitForecast,other,NA
BayesianMCPMod,other,NA
BayesianPlatformDesignTimeTrend,other,NA
BayesianReasoning,other,NA
Bchron,other,NA
BeeBDC,other,NA
BeeGUTS,other,NA
Bernadette,other,NA
BetaPASS,other,NA
BeyondBenford,other,NA
BiVariAn,in grammar,Theme
BinarybalancedCut,other,NA
BioM2,other,NA
BioPET,other,NA
BioPETsurv,other,NA
BioPred,other,NA
BioStatR,other,NA
BioTIMEr,in grammar,Scale
BioVizSeq,in grammar,Layer (Geom/Stat)
BiodiversityR,other,NA
BiostatsUHNplus,other,NA
Blend,other,NA
BlueCarbon,other,NA
BoneDensityMapping,other,NA
BoundaryStats,other,NA
BrazilCrime,other,NA
BuyseTest,other,NA
C443,other,NA
CA3variants,other,NA
CAESAR.Suite,other,NA
CAISEr,other,NA
CALANGO,other,NA
CALF,other,NA
CARBayesST,other,NA
CAST,other,NA
CATAcode,other,NA
CAinterprTools,other,NA
CAvariants,other,NA
CB2,other,NA
CBASSED50,other,NA
CCI,other,NA
CEDA,other,NA
CFO,other,NA
CGNM,other,NA
CHOIRBM,other,NA
CIARA,other,NA
CICI,other,NA
CIMTx,other,NA
CINNA,other,NA
CIS.DGLM,other,NA
CIpostSelect,other,NA
CJIVE,in grammar,Scale
CLONETv2,other,NA
CLVTools,other,NA
CMMs,other,NA
CMTFtoolbox,other,NA
CMapViz,other,NA
CNAIM,other,NA
CNVScope,other,NA
COINr,other,NA
COMIX,other,NA
CORPlot,other,NA
CRABS,other,NA
CRE,other,NA
CRMetrics,other,NA
CRTgeeDR,other,NA
CRTspat,other,NA
CSHShydRology,other,NA
CSTools,other,NA
CSeQTL,other,NA
CTxCC,other,NA
CVglasso,other,NA
CalibratR,other,NA
CalibrationCurves,other,NA
CamelUp,other,NA
CardioCurveR,other,NA
CarletonStats,other,NA
CaseBasedReasoning,other,NA
CausCor,other,NA
CausalGPS,other,NA
CausalImpact,other,NA
CausalQueries,other,NA
CensMFM,other,NA
CensRegSMSN,other,NA
Certara.DarwinReporter,in grammar,Theme
Certara.ModelResults,in grammar,Theme
Certara.R,other,NA
Certara.RsNLME.ModelBuilder,other,NA
Certara.RsNLME.ModelExecutor,other,NA
Certara.VPCResults,in grammar,Theme
Certara.Xpose.NLME,other,NA
ChainLadder,other,NA
ChannelAttributionApp,other,NA
ChaosGame,other,NA
ChauBoxplot,in grammar,Layer (Geom/Stat)
ChemoSpec,other,NA
ChemoSpec2D,other,NA
ChemoSpecUtils,other,NA
ChestVolume,other,NA
CimpleG,other,NA
CircSpaceTime,other,NA
ClassificationEnsembles,other,NA
Cleanet,other,NA
CleaningValidation,other,NA
ClimClass,other,NA
ClimaRep,other,NA
ClinicalUtilityRecal,other,NA
CluMP,other,NA
ClusROC,other,NA
ClusTCR2,other,NA
ClusTorus,other,NA
ClussCluster,other,NA
ClustAssess,other,NA
ClustImpute,other,NA
ClusterGVis,other,NA
ClusterR,other,NA
Clustering,other,NA
CoDaLoMic,other,NA
CoMiRe,other,NA
CoNI,other,NA
CoOL,other,NA
CoSMoS,other,NA
CoastlineFD,other,NA
CohortPlat,other,NA
Coinprofile,other,NA
CollapseLevels,other,NA
ComBatFamQC,other,NA
CommKern,other,NA
CompAREdesign,other,NA
ComplexUpset,in grammar,"Layer (Geom/Stat), Scale"
CompositeReliability,other,NA
ConFluxPro,in grammar,Scale
ConSciR,other,NA
ConconiAnaerobicThresholdTest,other,NA
ConfMatrix,other,NA
ConfidenceEllipse,other,NA
Conigrave,other,NA
ConsReg,other,NA
ContourFunctions,other,NA
CooccurrenceAffinity,other,NA
CoordinateCleaner,other,NA
CoreMicrobiomeR,other,NA
Correlplot,other,NA
Counternull,other,NA
CovidMutations,other,NA
Coxmos,other,NA
CrossCarry,other,NA
CrossExpression,other,NA
Crossover,other,NA
CytOpT,other,NA
CytoProfile,other,NA
CytoSimplex,other,NA
DAGassist,other,NA
DAISIEprep,other,NA
DALEX,in grammar,Theme
DALEXtra,other,NA
DATAstudio,other,NA
DBHC,other,NA
DBTC,other,NA
DBTCShiny,other,NA
DCEtool,other,NA
DDPNA,other,NA
DEET,other,NA
DEGRE,other,NA
DESA,other,NA
DEplotting,other,NA
DFD,other,NA
DFIT,other,NA
DGM,other,NA
DHBins,other,NA
DHSr,other,NA
DIDHAD,other,NA
DIDmultiplegtDYN,other,NA
DIGSS,other,NA
DIVINE,other,NA
DImodels,other,NA
DImodelsVis,in grammar,Theme
DIscBIO,other,NA
DLMtool,other,NA
DOYPAColors,in grammar,Scale
DPI,other,NA
DPpack,other,NA
DR.SC,other,NA
DRomics,other,NA
DSAIDE,other,NA
DSAIRM,other,NA
DUToolkit,other,NA
DVHmetrics,other,NA
DamageDetective,other,NA
DataExplorer,other,NA
DataFusionGDM,other,NA
DataVisualizations,in grammar,Layer (Geom/Stat)
DatabionicSwarm,other,NA
DeBoinR,other,NA
DeCAFS,other,NA
DeSciDe,other,NA
Deducer,other,NA
DeductiveR,other,NA
DeepLearningCausal,other,NA
DendroSync,other,NA
DepthProc,other,NA
DescribeDisplay,in grammar,Layer (Geom/Stat)
Dforest,other,NA
DiPALM,other,NA
DiallelAnalysisR,other,NA
Directional,other,NA
DisasterAlert,other,NA
DiscreteDLM,other,NA
DiscreteGapStatistic,other,NA
DistPlotter,other,NA
DistributionOptimization,other,NA
DoseFinding,other,NA
DstarM,other,NA
DySS,other,NA
DyadRatios,other,NA
DynForest,other,NA
DynNom,other,NA
E2E,other,NA
EBASE,other,NA
EDCimport,other,NA
EDOIF,other,NA
EEM,other,NA
EFA.MRFA,other,NA
EFAtools,other,NA
EGAnet,other,NA
EGM,in grammar,Theme
EIX,other,NA
EL,other,NA
EMAS,other,NA
EMGCR,other,NA
EMMIXgene,other,NA
EMOTIONS,other,NA
ENMTools,other,NA
ENMeval,other,NA
EPLSIM,other,NA
EQUALCompareImages,other,NA
EQUALSTATS,other,NA
EQUALrepeat,other,NA
ER,other,NA
ERSA,other,NA
ESTER,other,NA
EScvtmle,other,NA
EVI,other,NA
EValue,other,NA
EVchargcost,other,NA
EWSmethods,other,NA
EZFragility,other,NA
Eagle,other,NA
EcoCleanR,other,NA
EcoDiet,other,NA
EcoEnsemble,other,NA
EcoMetrics,other,NA
EcoNetGen,other,NA
EcotoneFinder,other,NA
EffectLiteR,other,NA
EleChemr,other,NA
Elja,other,NA
EmbedSOM,other,NA
EmiR,other,NA
EmpiricalCalibration,other,NA
EnrichIntersect,other,NA
EnsCat,other,NA
EntropicStatistics,other,NA
EnvStats,other,NA
EpiCurve,other,NA
EpiDynamics,other,NA
EpiEstim,other,NA
EpiForsk,other,NA
EpiLPS,other,NA
EpiModel,in grammar,Layer (Geom/Stat)
EpiNow2,other,NA
EpiReport,other,NA
EpiTest,other,NA
Epoch,other,NA
EstimDiagnostics,other,NA
EstimateBreed,other,NA
EstimateGroupNetwork,other,NA
EvalTest,other,NA
EventDetectGUI,other,NA
EventDetectR,other,NA
EvidenceSynthesis,other,NA
EvoPhylo,other,NA
EvolutionaryGames,other,NA
Evomorph,other,NA
ExPanDaR,other,NA
ExpBites,other,NA
ExpGenetic,other,NA
ExplodeLayout,other,NA
FARS,other,NA
FAST.R,other,NA
FAVA,other,NA
FAVAR,other,NA
FCO,other,NA
FCPS,other,NA
FEprovideR,other,NA
FKmL,other,NA
FLORAL,other,NA
FLightR,other,NA
FMradio,other,NA
FPDclustering,other,NA
FRI,other,NA
FRK,other,NA
FactoClass,other,NA
FactoInvestigate,other,NA
FactoMineR,other,NA
FactorHet,other,NA
Factoshiny,other,NA
Families,other,NA
FastKRR,other,NA
FastRet,other,NA
FastUtils,other,NA
FeatureImpCluster,other,NA
FeatureTerminatoR,other,NA
FedData,other,NA
FedIRT,other,NA
Fgmutils,other,NA
FielDHub,other,NA
FieldSimR,other,NA
FinCal,other,NA
FisherEM,other,NA
FitUltD,other,NA
FlexReg,other,NA
FlexVarJM,other,NA
FoRDM,other,NA
ForIT,other,NA
ForeComp,other,NA
ForecastingEnsembles,other,NA
ForestElementsR,other,NA
FormulR,other,NA
FossilSim,other,NA
FracFixR,other,NA
FreqProf,other,NA
FunSurv,other,NA
FuncNN,other,NA
FunnelPlotR,other,NA
FuzzyDBScan,other,NA
FuzzyPovertyR,other,NA
FuzzySpec,other,NA
G2Sd,other,NA
GABB,other,NA
GALLO,other,NA
GCEstim,other,NA
GCalignR,other,NA
GDAtools,other,NA
GDINA,other,NA
GEInter,other,NA
GET,in grammar,Layer (Geom/Stat)
GGEBiplots,other,NA
GGally,in grammar,Layer (Geom/Stat)
GGenemy,other,NA
GGoutlieR,other,NA
GHRexplore,other,NA
GHRmodel,other,NA
GIC,other,NA
GJRM,other,NA
GLMMcosinor,other,NA
GMSimpute,other,NA
GNAR,other,NA
GOCompare,other,NA
GOplot,other,NA
GOxploreR,other,NA
GPCERF,other,NA
GPTCM,other,NA
GPflexViz,other,NA
GPvam,other,NA
GREENeR,other,NA
GRIDCOPULA,other,NA
GRIN2,other,NA
GRShiny,other,NA
GSD,other,NA
GSE,other,NA
GSparO,other,NA
GTAPViz,other,NA
GUniFrac,other,NA
GWASinspector,other,NA
GWlasso,other,NA
GauPro,other,NA
GenHMM1d,other,NA
GenderInfer,in grammar,Theme
GeneralizedUmatrix,other,NA
GeneralizedUmatrixGPU,other,NA
GenericML,other,NA
GenoTriplo,other,NA
GenomeAdmixR,other,NA
GeoAdjust,other,NA
GeoTox,other,NA
GerminaR,other,NA
GimmeMyPlot,other,NA
GlarmaVarSel,other,NA
GlmSimulatoR,other,NA
GofCens,other,NA
GofKmt,other,NA
Goodreader,other,NA
Greymodels,other,NA
GrowthCurveME,other,NA
GseaVis,other,NA
HCmodelSets,other,NA
HDStIM,other,NA
HEDA,other,NA
HIViz,other,NA
HLMdiag,other,NA
HMDA,other,NA
HMP,other,NA
HTT,other,NA
HVT,other,NA
HYPEtools,other,NA
HaDeX,other,NA
HanStat,other,NA
Hapi,other,NA
HaploCatcher,other,NA
HeckmanEM,other,NA
HelpersMG,other,NA
HetSeq,other,NA
HistDAWass,other,NA
Hmisc,other,NA
Hmsc,other,NA
HoRM,other,NA
HodgesTools,other,NA
Holomics,other,NA
HonestDiD,other,NA
HospitalNetwork,other,NA
HotellingEllipse,other,NA
HuraultMisc,other,NA
IAPWS95,other,NA
IAT,other,NA
IBLM,in grammar,Theme
IBMPopSim,other,NA
ICBioMark,other,NA
ICSClust,other,NA
ICSsmoothing,other,NA
ICtest,other,NA
IDE,other,NA
IDEAFilter,other,NA
IDEATools,other,NA
IDMIR,other,NA
IETD,other,NA
ILRCM,other,NA
IMIX,other,NA
IMP,other,NA
INLAjoint,other,NA
INSPECTumours,other,NA
INetTool,other,NA
IOHanalyzer,other,NA
IPDfromKM,other,NA
IPLGP,other,NA
IPV,in grammar,Facet
IRTM,other,NA
IRTest,other,NA
IRexamples,other,NA
IRon,other,NA
ISRaD,other,NA
ITNr,other,NA
ImFoR,other,NA
ImML,other,NA
ImNN,other,NA
ImVol,other,NA
Imneuron,other,NA
InSilicoVA,other,NA
IncDTW,other,NA
IndGenErrors,other,NA
InflectSSP,other,NA
Information,other,NA
IntegratedJM,other,NA
InteractionPoweR,other,NA
Irescale,other,NA
Isinglandr,other,NA
JMbayes2,other,NA
JOPS,other,NA
JPSurv,other,NA
JWileymisc,in grammar,"Layer (Geom/Stat), Theme"
Jdmbs,other,NA
JustifyAlpha,other,NA
KMEANS.KNN,other,NA
KMunicate,other,NA
Keyboard,other,NA
Kmedians,other,NA
KraljicMatrix,in grammar,Layer (Geom/Stat)
L0Learn,other,NA
L0TFinv,other,NA
LAD,other,NA
LATERmodel,other,NA
LBBNN,other,NA
LBSPR,other,NA
LCMSQA,other,NA
LDATree,other,NA
LEdecomp,other,NA
LFApp,other,NA
LLIC,other,NA
LLSR,other,NA
LMD,other,NA
LMMstar,other,NA
LMoFit,other,NA
LOGAN,other,NA
LPRelevance,other,NA
LSAMBA,other,NA
LSTS,other,NA
LSTbook,other,NA
LSX,other,NA
LTCDM,other,NA
LTFHPlus,other,NA
LabApplStat,other,NA
LadderFuelsR,other,NA
LambertW,other,NA
Landmarking,other,NA
LatentBMA,other,NA
LeadSense,other,NA
LexisPlotR,other,NA
Lifertable,other,NA
LightLogR,other,NA
LikertEZ,other,NA
LilRhino,other,NA
LipidMS,other,NA
LipidomicsR,other,NA
LipinskiFilters,other,NA
LoTTA,other,NA
LogisticEnsembles,other,NA
LongDat,other,NA
LongDecompHE,other,NA
LorMe,in grammar,Theme
LorenzRegression,other,NA
MACER,other,NA
MAGMA.R,other,NA
MAICtools,other,NA
MAINT.Data,other,NA
MAPCtools,other,NA
MBAnalysis,other,NA
MBMethPred,other,NA
MBNMAdose,other,NA
MBNMAtime,other,NA
MCAvariants,other,NA
MCMC.qpcr,other,NA
MCOE,other,NA
MCTrend,other,NA
MDCcure,other,NA
MDDC,other,NA
MDMAPR,other,NA
MDPIexploreR,other,NA
MEAanalysis,other,NA
MEGENA,other,NA
MESS,other,NA
MF.beta4,other,NA
MFO,other,NA
MIC,other,NA
MIGEE,other,NA
MIMSunit,other,NA
MIXFIM,other,NA
MKdescr,other,NA
MKinfer,other,NA
MKmisc,other,NA
MKpower,other,NA
MLDataR,other,NA
MLEce,other,NA
MLZ,other,NA
MLeval,other,NA
MLmorph,other,NA
MLwrap,other,NA
MRFcov,other,NA
MRG,other,NA
MRMCaov,other,NA
MRTSampleSizeBinary,other,NA
MRZero,other,NA
MSCMT,other,NA
MSEtool,other,NA
MSPRT,other,NA
MSUthemes,in grammar,"Scale, Theme"
MSclassifR,other,NA
MSclust,other,NA
MSigSeg,other,NA
MTest,other,NA
MUACz,other,NA
MVET,other,NA
MVN,other,NA
MVNtestchar,other,NA
MachineShop,other,NA
MagmaClustR,other,NA
MandalaR,other,NA
MannWhitneyCopula,other,NA
MantaID,other,NA
ManyIVsNets,other,NA
MapperAlgo,other,NA
MarketMatching,other,NA
Markovchart,other,NA
MassWateR,other,NA
MaxWiK,other,NA
MaxentVariableSelection,other,NA
Mcomp,other,NA
MendelianRandomization,other,NA
MetAlyzer,other,NA
MetBrewer,in grammar,Scale
MetSizeR,other,NA
MetaComp,other,NA
MetaNet,other,NA
MetabolicSurv,other,NA
MethodOpt,other,NA
MetricGraph,other,NA
MexBrewer,in grammar,Scale
MiRNAQCD,other,NA
MicroNiche,other,NA
MicrobTiSDA,other,NA
MicrobiomeStat,other,NA
MicrobiomeSurv,other,NA
MinEDfind,other,NA
MiscMetabar,other,NA
MissCP,other,NA
MitoHEAR,other,NA
MixLFA,other,NA
MixOptim,other,NA
MixSIAR,other,NA
MixedIndTests,in grammar,Layer (Geom/Stat)
MixedPsy,other,NA
MixviR,other,NA
MonotonicityTest,other,NA
MorphoRegions,other,NA
MortalityTables,other,NA
MplusAutomation,other,NA
MplusLGM,other,NA
MuPETFlow,other,NA
MultANOVA,other,NA
MultIS,other,NA
MultRegCMP,other,NA
MultiATSM,other,NA
MultiClassROC,other,NA
MultiGlarmaVarSel,other,NA
MultiGroupO,other,NA
MultiObjMatch,other,NA
MultiTraits,other,NA
MultisiteMediation,other,NA
MultivariateAnalysis,other,NA
NACHO,other,NA
NAIR,other,NA
NBLDA,other,NA
NBtsVarSel,other,NA
NCA,other,NA
NCC,other,NA
NEONiso,other,NA
NHSRplotthedots,in grammar,Layer (Geom/Stat)
NIMAA,other,NA
NIRStat,other,NA
NMA,other,NA
NMADTA,other,NA
NMAforest,other,NA
NMAoutlier,other,NA
NMF,other,NA
NMTox,other,NA
NOVA,other,NA
NPBayesImputeCat,other,NA
NPflow,other,NA
NTLKwIEx,other,NA
NatParksPalettes,in grammar,Scale
NeEDS4BigData,other,NA
NetworkChange,other,NA
NetworkExtinction,other,NA
NetworkInference,other,NA
NetworkRiskMeasures,other,NA
NeuralNetTools,other,NA
NeuralSens,other,NA
NeuroDecodeR,other,NA
NiLeDAM,other,NA
NormalityAssessment,other,NA
NumericEnsembles,other,NA
NutrienTrackeR,other,NA
OBL,other,NA
ODMeans,other,NA
OEFPIL,other,NA
OLStrajr,other,NA
ONAM,other,NA
OPL,other,NA
ORFID,other,NA
OSLdecomposition,other,NA
OTclust,other,NA
OVtool,other,NA
OddsPlotty,other,NA
OenoKPM,other,NA
OhdsiReportGenerator,other,NA
OlinkAnalyze,other,NA
OlympicRshiny,other,NA
OmicFlow,other,NA
OmicSense,other,NA
OmicsPLS,other,NA
OmicsPrepR,other,NA
OncoBayes2,other,NA
OneSampleLogRankTest,other,NA
OpeNoise,other,NA
OpenLand,other,NA
OpenStreetMap,other,NA
OptimalRerandExpDesigns,other,NA
OrgHeatmap,other,NA
Ostats,other,NA
OutcomeWeights,other,NA
OutliersO3,other,NA
OxSR,other,NA
PAC,other,NA
PAFit,other,NA
PAGFL,other,NA
PAMmisc,other,NA
PAMpal,other,NA
PAMscapes,other,NA
PASWR2,other,NA
PASenseWear,other,NA
PAutilities,other,NA
PCADSC,other,NA
PCBS,other,NA
PCMBase,other,NA
PDEnaiveBayes,other,NA
PDN,other,NA
PDXpower,other,NA
PEIMAN2,other,NA
PERK,other,NA
PERSUADE,other,NA
PFIM,other,NA
PGRdup,other,NA
PKbioanalysis,other,NA
PLEXI,other,NA
PLMIX,other,NA
PLNmodels,other,NA
PLORN,other,NA
POCRE,other,NA
POMADE,other,NA
POUMM,other,NA
PPQplan,other,NA
PPtreeViz,other,NA
PRECAST,other,NA
PRISMA,other,NA
PReMiuM,other,NA
PSAboot,other,NA
PSLM2015,other,NA
PSS.Health,other,NA
PSpower,other,NA
PSweight,other,NA
PTXQC,in grammar,Theme
PUMP,other,NA
PUPAK,other,NA
PUPMSI,other,NA
PUlasso,other,NA
PairedData,other,NA
PamBinaries,other,NA
PanelMatch,other,NA
ParBayesianOptimization,other,NA
Paris2024Colours,in grammar,Scale
PathwaySpace,other,NA
PepMapViz,other,NA
Petersen,other,NA
PhaseType,other,NA
PheVis,other,NA
PhenotypeSimulator,other,NA
PhytoIn,other,NA
PieGlyph,in grammar,"Layer (Geom/Stat), Scale"
PlasmaMutationDetector,other,NA
Plasmidprofiler,other,NA
Platypus,other,NA
PlayerChart,other,NA
PlotNormTest,other,NA
PlotPrjNetworks,other,NA
PoDBAY,other,NA
PointFore,other,NA
PointedSDMs,other,NA
PolicyPortfolios,other,NA
PopComm,other,NA
PopED,other,NA
PopGenHelpR,other,NA
PopGenReport,other,NA
PoweREST,other,NA
PracTools,other,NA
PracticalEquiDesign,other,NA
PreProcessing,other,NA
PredPsych,other,NA
PressPurt,other,NA
PrettyCols,in grammar,Scale
PriceIndices,other,NA
ProAE,other,NA
ProActive,other,NA
ProFAST,other,NA
ProbBayes,other,NA
ProbBreed,other,NA
ProjectionBasedClustering,other,NA
PrometheeTools,other,NA
ProteinPCA,other,NA
ProteoBayes,other,NA
PsychWordVec,other,NA
PublicationBias,other,NA
PupillometryR,in grammar,Layer (Geom/Stat)
PvSTATEM,other,NA
QCAtools,other,NA
QCSimulator,other,NA
QI,other,NA
QRIpkg,other,NA
Qploidy,other,NA
QuAnTeTrack,other,NA
QuESTr,other,NA
QuICSeedR,other,NA
QuadratiK,other,NA
QualityMeasure,other,NA
QuantRegGLasso,other,NA
QurvE,other,NA
R.AlphA.Home,other,NA
R2sample,other,NA
R4GoodPersonalFinances,other,NA
RABR,other,NA
RADstackshelpR,other,NA
RALSA,other,NA
RARfreq,other,NA
RAT,other,NA
RATest,other,NA
RBaM,other,NA
RBesT,other,NA
RCPA,other,NA
RCT,other,NA
RCTS,other,NA
RCTrep,other,NA
RCaucTile,other,NA
RColorConesa,in grammar,Scale
RDS,other,NA
REDI,other,NA
REMixed,other,NA
REN,other,NA
RESI,other,NA
REXoplanets,other,NA
RGAP,other,NA
RGCCA,other,NA
RGMM,other,NA
RGraphSpace,other,NA
RGraphics,other,NA
RHC,other,NA
RHMS,other,NA
RIdeogram,other,NA
RImagePalette,in grammar,Scale
RItools,other,NA
RJafroc,other,NA
RKorAPClient,in grammar,Layer (Geom/Stat)
RMOPI,other,NA
RMixtComp,other,NA
RMixtCompUtilities,other,NA
RNAseqNet,other,NA
RNAseqQC,other,NA
ROCnGO,other,NA
ROKET,other,NA
RPPanalyzer,other,NA
RPregression,other,NA
RQdeltaCT,other,NA
RRPP,other,NA
RRRR,other,NA
RSA,other,NA
RSAtools,other,NA
RSCAT,other,NA
RSD,other,NA
RSDA,other,NA
RSSL,in grammar,Layer (Geom/Stat)
RSSthemes,in grammar,"Scale, Theme"
RStoolbox,other,NA
RTL,other,NA
RTSA,other,NA
RVCompare,other,NA
RaJIVE,other,NA
RaSEn,other,NA
RaceID,other,NA
Racmacs,other,NA
RadEro,other,NA
RadialVisGadgets,other,NA
Radviz,in grammar,Theme
RastaRocket,other,NA
Rata,other,NA
RatingScaleReduction,other,NA
RavenR,other,NA
RawHummus,other,NA
Rcan,other,NA
RcensusPkg,other,NA
RchivalTag,other,NA
RcmdrPlugin.KMggplot2,in grammar,"Layer (Geom/Stat), Theme"
RcmdrPlugin.RiskDemo,other,NA
RcppCensSpatial,other,NA
RcppClock,other,NA
Rcurvep,other,NA
Rdune,other,NA
ReSurv,other,NA
RecordTest,other,NA
RegrCoeffsExplorer,other,NA
ReinforcementLearning,other,NA
RelativeDistClust,other,NA
Relectoral,other,NA
RelimpPCR,other,NA
RepeatedHighDim,other,NA
Replicate,other,NA
Repliscope,other,NA
ReporterScore,other,NA
ResIN,other,NA
RestoreNet,other,NA
ReturnCurves,other,NA
RevGadgets,in grammar,Layer (Geom/Stat)
Rfssa,other,NA
Rgof,other,NA
Riex,other,NA
Rirt,other,NA
RiskMap,other,NA
Rmfrac,other,NA
Rmst,other,NA
Rnest,other,NA
Rnmr1D,other,NA
RoBMA,other,NA
RoBTT,other,NA
RobKF,other,NA
Robyn,other,NA
Routliers,other,NA
Rpadrino,other,NA
RpeakChrom,other,NA
RplotterPkg,other,NA
RprobitB,other,NA
Rprofet,other,NA
RsSimulx,other,NA
Rsearch,other,NA
Rsgf,other,NA
Rsmlx,other,NA
RtsEva,other,NA
RulesTools,other,NA
SAEval,other,NA
SAME,other,NA
SAMprior,other,NA
SBMSplitMerge,other,NA
SCDA,other,NA
SCFMonitor,other,NA
SCGLR,other,NA
SCOPRO,other,NA
SCORPIUS,in grammar,Scale
SCOUTer,other,NA
SCVA,other,NA
SCdeconR,other,NA
SCoRES,other,NA
SCtools,other,NA
SDCNway,other,NA
SDEFSR,other,NA
SDGdetector,other,NA
SDLfilter,other,NA
SDModels,other,NA
SDMtune,other,NA
SEAHORS,other,NA
SECFISH,other,NA
SEERaBomb,other,NA
SEI,other,NA
SEIRfansy,other,NA
SEQTaRget,other,NA
SHAPforxgboost,other,NA
SHELF,other,NA
SIAmodules,other,NA
SIBER,other,NA
SIMPLICA,other,NA
SIMle,other,NA
SISIR,other,NA
SKFCPD,other,NA
SLCARE,other,NA
SLEMI,other,NA
SLOS,other,NA
SMASH,other,NA
SMITIDstruct,other,NA
SNPannotator,other,NA
SNPassoc,other,NA
SNPfiltR,other,NA
SOMbrero,other,NA
SOMnmR,other,NA
SONO,other,NA
SPARRAfairness,other,NA
SPARTAAS,other,NA
SPEI,other,NA
SPRT,other,NA
SQMtools,other,NA
SRTsim,other,NA
SSDM,other,NA
SSIMmap,other,NA
SSP,other,NA
SSVS,other,NA
SSplots,other,NA
STCCGEV,other,NA
STCYP,other,NA
STDistance,other,NA
STMotif,other,NA
STMr,other,NA
STraTUS,other,NA
SUMMER,other,NA
SUMO,other,NA
SVEMnet,other,NA
SVMMaj,other,NA
SWIM,other,NA
SWMPr,other,NA
SWTools,other,NA
SafeVote,other,NA
SangerTools,in grammar,"Scale, Theme"
SchoolDataIT,other,NA
SeaSondeR,other,NA
SeaVal,other,NA
SelfControlledCaseSeries,other,NA
SemNeT,other,NA
SensIAT,other,NA
SensMap,other,NA
SensoMineR,other,NA
SentimentAnalysis,other,NA
SeqFeatR,other,NA
SerolyzeR,other,NA
SetMethods,other,NA
Seurat,other,NA
SeuratExplorer,other,NA
ShapleyOutlier,other,NA
ShellChron,other,NA
ShinyItemAnalysis,in grammar,Theme
ShinyLink,other,NA
ShinyQuickStarter,other,NA
ShortForm,other,NA
SiFINeT,other,NA
SiZer,other,NA
Sie2nts,other,NA
Signac,in grammar,Theme
Silhouette,other,NA
SimBIID,other,NA
SimBaRepro,other,NA
SimCorrMix,other,NA
SimKid,other,NA
SimMultiCorrData,other,NA
SimpleUpset,other,NA
SimplicialComplex,other,NA
SimplyAgree,other,NA
SixSigma,other,NA
SkeletalVis,other,NA
SleepCycles,other,NA
Slick,other,NA
SlideCNA,in grammar,Scale
SlimR,other,NA
SlotLim,other,NA
SmartEDA,other,NA
SmarterPoland,other,NA
Sobol4R,other,NA
SoilManageR,other,NA
SomaDataIO,other,NA
SoupX,other,NA
SouthParkRshiny,other,NA
SpTe2M,other,NA
SpaCCI,other,NA
SparseBiplots,other,NA
SpatFD,other,NA
SpatMCA,other,NA
SpatPCA,other,NA
SpatialDDLS,other,NA
SpatialRDD,other,NA
SpectralClMixed,other,NA
Spectran,other,NA
Spectrum,other,NA
Spillover,other,NA
SplitKnockoff,other,NA
Spower,other,NA
SqueakR,other,NA
StabilizedRegression,other,NA
StanMoMo,other,NA
StatMatch,other,NA
StatRank,other,NA
StatTeacherAssistant,other,NA
StempCens,other,NA
StepReg,other,NA
StepRegShiny,other,NA
StratifiedMedicine,other,NA
StroupGLMM,other,NA
SubgrpID,other,NA
SuperCell,other,NA
Superpower,other,NA
SurprisalAnalysis,other,NA
SurrogateRank,other,NA
SurrogateSeq,other,NA
SurvivalTests,other,NA
SynergyLMM,other,NA
SynthETIC,other,NA
Sysrecon,other,NA
T4cluster,other,NA
TBA,other,NA
TCIU,other,NA
TDAkit,other,NA
TDAstats,error,NA
TELP,other,NA
TFM,other,NA
TGST,other,NA
TITAN2,other,NA
TLCAR,other,NA
TLMoments,other,NA
TOSTER,other,NA
TOU,other,NA
TPD,other,NA
TPMplt,other,NA
TSCS,other,NA
TSDFGS,other,NA
TSS.RESTREND,other,NA
TSsmoothing,other,NA
TUFLOWR,other,NA
TVMM,other,NA
TVMVP,other,NA
TailClassifier,other,NA
TailID,other,NA
TangledFeatures,other,NA
TaxaNorm,other,NA
TcGSA,other,NA
TeachHist,other,NA
Tendril,other,NA
TesiproV,other,NA
TestAnaAPP,other,NA
TestDimorph,other,NA
TestGardener,other,NA
TestGenerator,other,NA
TextForecast,other,NA
TextMiningGUI,other,NA
TheSFACE,other,NA
ThermalSampleR,other,NA
TheseusPlot,other,NA
TidyDensity,other,NA
TimeVizPro,other,NA
Tivy,other,NA
TooManyCellsR,other,NA
TopDom,other,NA
TopKSignal,other,NA
Trading,other,NA
TransProR,in grammar,"Layer (Geom/Stat), Facet"
TreatmentPatterns,other,NA
TreatmentSelection,other,NA
TreeDep,other,NA
TreeDiagram,other,NA
TriMatch,other,NA
TrialSimulator,other,NA
TripleR,other,NA
TrumpetPlots,other,NA
TwoPhaseCorR,other,NA
TwoRegression,other,NA
UBayFS,other,NA
UCSCXenaShiny,other,NA
UComp,other,NA
UNCOVER,other,NA
UPG,other,NA
USE,other,NA
Umatrix,other,NA
UnalR,other,NA
UncDecomp,other,NA
UniprotR,other,NA
UpAndDownPlots,other,NA
UpDown,other,NA
UpSetR,other,NA
VALERIE,other,NA
VBphenoR,other,NA
VDAP,other,NA
VDSM,other,NA
VEwaning,other,NA
VEwaningVariant,other,NA
VIMPS,other,NA
VLTimeCausality,other,NA
VSOLassoBag,other,NA
VWPre,other,NA
VarSelLCM,other,NA
VectorCodeR,other,NA
VetResearchLMM,other,NA
ViSe,other,NA
ViSiElse,other,NA
Virusparies,other,NA
VisitorCounts,other,NA
VisualizeSimon2Stage,other,NA
VizTest,other,NA
VoronoiBiomedPlot,other,NA
WASP,other,NA
WINS,other,NA
WLogit,other,NA
WMAP,other,NA
WQM,other,NA
WRI,other,NA
WRSS,other,NA
WRTDStidal,other,NA
WVPlots,other,NA
Wats,other,NA
WeatherSentiment,other,NA
WebAnalytics,other,NA
WeightIt,other,NA
WhatsR,other,NA
WordListsAnalytics,other,NA
WorldMapR,other,NA
WormTensor,other,NA
WrensBookshelf,in grammar,Scale
XDNUTS,other,NA
XYomics,other,NA
Xplortext,other,NA
YEAB,other,NA
YRmisc,other,NA
YatchewTest,other,NA
ZIDW,other,NA
ZIHINAR1,other,NA
ZetaSuite,other,NA
aLBI,other,NA
aMNLFA,other,NA
aRtsy,in grammar,Theme
abe,other,NA
absorber,other,NA
abstractr,other,NA
acc,other,NA
accSDA,other,NA
acca,other,NA
accessrmd,other,NA
accrualPlot,other,NA
actel,other,NA
activAnalyzer,other,NA
activPAL,other,NA
actogrammr,other,NA
actuaRE,other,NA
actxps,other,NA
adaplots,other,NA
adaptiveGPCA,other,NA
adas.utils,other,NA
add2ggplot,in grammar,Theme
adegenet,other,NA
adestr,other,NA
adjROC,other,NA
adjclust,other,NA
adnuts,other,NA
adobeanalyticsr,other,NA
adplots,other,NA
adproclus,other,NA
adsoRptionCMF,other,NA
adventr,other,NA
aeddo,other,NA
aedseo,other,NA
aelab,other,NA
afcharts,in grammar,"Scale, Theme"
affinitymatrix,other,NA
afmToolkit,other,NA
afttest,other,NA
agcounts,other,NA
agfh,other,NA
aggreCAT,other,NA
agriTutorial,other,NA
agricolaeplotr,in grammar,Theme
agriutilities,other,NA
agrobox,other,NA
agrostab,other,NA
agua,other,NA
ahnr,other,NA
aihuman,other,NA
aimPlot,other,NA
airship,other,NA
airt,other,NA
akc,other,NA
alakazam,other,NA
ale,other,NA
alien,other,NA
allMT,other,NA
allestimates,other,NA
alookr,other,NA
alphahull,other,NA
amanida,other,NA
ammistability,other,NA
amp,other,NA
anabel,other,NA
analyzer,other,NA
aniSNA,other,NA
animalEKF,other,NA
animbook,other,NA
anipaths,other,NA
anomalize,other,NA
anomaly,other,NA
aoristic,other,NA
apc,other,NA
apexcharter,other,NA
apisensr,other,NA
aplot,other,NA
aplotExtra,other,NA
apm,other,NA
applicable,other,NA
apyramid,other,NA
aramappings,other,NA
archeoViz,other,NA
archeofrag.gui,other,NA
archiveRetriever,other,NA
arcpullr,other,NA
arete,other,NA
arima2,other,NA
arulesViz,other,NA
aslib,other,NA
asmbPLS,other,NA
aspline,other,NA
asremlPlus,other,NA
assertHE,other,NA
assignPOP,other,NA
atRisk,other,NA
attrib,other,NA
audiometry,other,NA
auditor,other,NA
audrex,other,NA
augmentedRCBD,other,NA
ausplotsR,other,NA
autoGO,other,NA
autoMrP,other,NA
autoReg,other,NA
autoScorecard,other,NA
autoTS,other,NA
autocogs,other,NA
autograph,in grammar,"Layer (Geom/Stat), Scale, Theme"
autohrf,other,NA
autoimage,other,NA
automap,other,NA
autoslider.core,other,NA
autostats,other,NA
autostsm,other,NA
autotesteR,other,NA
autovi,other,NA
aweSOM,other,NA
aws.wrfsmn,other,NA
azuremlsdk,other,NA
bSi,other,NA
backShift,other,NA
baclava,other,NA
baggr,other,NA
bakR,other,NA
baldur,other,NA
bamdit,other,NA
banter,other,NA
barrel,in grammar,Layer (Geom/Stat)
bartMan,other,NA
bartXViz,other,NA
bartcs,other,NA
baseballr,other,NA
basket,other,NA
baskexact,other,NA
batchmix,other,NA
batchtma,other,NA
bate,other,NA
bayMDS,other,NA
baycn,other,NA
bayefdr,other,NA
bayes4psy,other,NA
bayesDP,other,NA
bayesEO,other,NA
bayesMRM,other,NA
bayesQRsurvey,other,NA
bayesROE,other,NA
bayesWatch,other,NA
bayesZIB,other,NA
bayesammi,other,NA
bayesdfa,other,NA
bayesforecast,other,NA
bayeslist,other,NA
bayesmlogit,other,NA
bayesmove,other,NA
bayesmsm,other,NA
bayesnec,other,NA
bayesplot,in grammar,"Facet, Theme"
bayespm,other,NA
bayesrules,other,NA
bayesvl,other,NA
baystability,other,NA
bbdetection,other,NA
bbnet,other,NA
bcrm,other,NA
bdc,other,NA
bde,other,NA
bdl,other,NA
bdlim,other,NA
bdots,other,NA
bdrc,other,NA
bdscale,in grammar,Scale
bdsm,other,NA
bea.R,other,NA
beadplexr,other,NA
beastt,other,NA
beaver,other,NA
beezdemand,in grammar,Theme
beezdiscounting,other,NA
behaviorchange,other,NA
bennu,other,NA
bestSDP,other,NA
besthr,other,NA
betaclust,other,NA
bfw,other,NA
bhm,other,NA
bibliometrix,other,NA
biblioverlap,other,NA
biclust,other,NA
bigsnpr,other,NA
bigstatsr,in grammar,Theme
bigtime,other,NA
bikm1,other,NA
billboarder,other,NA
binGroup2,other,NA
binsreg,other,NA
bioRad,other,NA
bioSNR,other,NA
bioclim,other,NA
biodosetools,other,NA
biogrowth,other,NA
bioinactivation,other,NA
biometryassist,other,NA
biomod2,other,NA
bioregion,other,NA
biosampleR,other,NA
biostats,other,NA
biostats101,other,NA
birdscanR,other,NA
biscale,other,NA
bispdep,other,NA
blandr,other,NA
blendR,other,NA
bliss,other,NA
blockCV,other,NA
blocs,other,NA
blorr,other,NA
bmgarch,other,NA
bmggum,other,NA
bmlm,other,NA
bmscstan,other,NA
bmstdr,other,NA
bnma,other,NA
bnmonitor,other,NA
boinet,other,NA
boiwsa,other,NA
bolasso,other,NA
bonsaiforest,other,NA
bootcluster,other,NA
bootf2,other,NA
bootnet,other,NA
bootwar,other,NA
boxTest,other,NA
boxfilter,other,NA
boxly,other,NA
bp,other,NA
bpcp,other,NA
braidReports,in grammar,"Layer (Geom/Stat), Scale"
brandr,in grammar,Scale
breakDown,other,NA
breakaway,other,NA
breakfast,other,NA
breathtestcore,other,NA
bregr,other,NA
brfinance,other,NA
bridger2,other,NA
brinton,other,NA
brisk,other,NA
brms,in grammar,Theme
brms.mmrm,other,NA
brolgar,in grammar,Facet
broman,in grammar,Theme
bruceR,in grammar,Theme
brulee,other,NA
bsam,other,NA
bsamGP,other,NA
bspcov,other,NA
bsynth,other,NA
bulkAnalyseR,other,NA
bulletr,other,NA
bullseye,other,NA
bumbl,other,NA
bunching,other,NA
bupaR,in grammar,Scale
burnr,other,NA
butterflyOptions,other,NA
bvhar,in grammar,Layer (Geom/Stat)
cNORM,other,NA
cacc,other,NA
caffsim,other,NA
calendR,other,NA
calendRio,other,NA
calibmsm,other,NA
calibrationband,other,NA
callback,in grammar,Layer (Geom/Stat)
calmr,other,NA
camcorder,other,NA
campfin,in grammar,Scale
campsis,other,NA
campsismod,other,NA
camtrapR,other,NA
canadianmaps,in grammar,"Layer (Geom/Stat), Scale, Coordinate, Theme"
candisc,other,NA
capl,other,NA
caplot,other,NA
capybara,other,NA
carat,other,NA
carbonpredict,other,NA
carbonr,other,NA
card,other,NA
care4cmodel,other,NA
caresid,other,NA
caret,other,NA
caretEnsemble,other,NA
caretSDM,other,NA
cartograflow,other,NA
cartographr,in grammar,Theme
casebase,other,NA
cases,other,NA
casino,other,NA
cassandRa,other,NA
cassowaryr,other,NA
cats,other,NA
causact,other,NA
causalDT,other,NA
causalOT,other,NA
causalPAF,other,NA
causalQual,other,NA
causalnet,other,NA
cbcTools,other,NA
cccrm,other,NA
ccostr,other,NA
cdcatR,other,NA
cdmTools,other,NA
cdom,other,NA
ceas,other,NA
cellGeometry,other,NA
cellWise,other,NA
censuspyrID,other,NA
ceterisParibus,other,NA
cfda,other,NA
cgam,other,NA
cgmanalysis,other,NA
cgmquantify,other,NA
chameleon,in grammar,Scale
changeS,other,NA
changepoint.geo,other,NA
changepoint.influence,other,NA
chartql,other,NA
cheem,other,NA
chem16S,other,NA
chemodiv,other,NA
chess2plyrs,other,NA
chessboard,in grammar,Layer (Geom/Stat)
chest,other,NA
chevron,other,NA
childsds,in grammar,Scale
chillR,other,NA
choicedata,other,NA
chooseGCM,other,NA
chopper,other,NA
choroplethr,other,NA
choroplethrAdmin1,other,NA
chronicle,other,NA
chronicler,other,NA
chronochrt,in grammar,"Layer (Geom/Stat), Theme"
cifmodeling,other,NA
cinaR,in grammar,Scale
circacompare,other,NA
circhelp,other,NA
circularEV,other,NA
circumplex,other,NA
cisp,other,NA
cities,other,NA
citrus,other,NA
ciu,other,NA
cjbart,other,NA
cjoint,other,NA
clarify,other,NA
classifierplots,other,NA
classmap,other,NA
clc,other,NA
cleanTS,other,NA
clhs,other,NA
clickableImageMap,other,NA
clickstream,other,NA
climaemet,other,NA
climwin,other,NA
clinDR,other,NA
clinDataReview,other,NA
clinicalsignificance,other,NA
clinpubr,other,NA
clintools,other,NA
clmplus,other,NA
clockplot,other,NA
cloudos,other,NA
clusEvol,other,NA
clustEff,other,NA
clustMD,other,NA
clustcurv,other,NA
clusterMI,other,NA
clusterWebApp,other,NA
clustrd,other,NA
clustree,other,NA
clustringr,other,NA
cmAnalysis,other,NA
cmaesr,other,NA
cmahalanobis,other,NA
cmgnd,other,NA
cmpp,other,NA
cmprskcoxmsm,other,NA
cmpsR,other,NA
cmstatr,in grammar,Layer (Geom/Stat)
cnaOpt,other,NA
coFAST,other,NA
cobalt,other,NA
cocktailApp,other,NA
coconots,other,NA
coda.plot,other,NA
coda4microbiome,other,NA
codaredistlm,other,NA
codez,other,NA
coefplot,other,NA
cofeatureR,other,NA
cogmapr,other,NA
cohortBuilder,other,NA
cohorttools,other,NA
coinmarketcapr,other,NA
coloc,other,NA
colocalization,other,NA
colorBlindness,other,NA
colorist,other,NA
colormap,in grammar,Scale
colorrepel,other,NA
colouR,other,NA
colourpicker,other,NA
combiroc,other,NA
commecometrics,other,NA
communication,other,NA
comorbidPGS,other,NA
compIndexBuilder,other,NA
compareMCMCs,other,NA
competitiontoolbox,other,NA
complmrob,other,NA
compositeReliabilityInNestedDesigns,other,NA
conText,other,NA
condorOptions,other,NA
condvis2,other,NA
confidence,other,NA
confidenceCurves,other,NA
conformalInference.fd,other,NA
conformalInference.multi,other,NA
conjoint,other,NA
conos,other,NA
conquestr,other,NA
conserveR,other,NA
contdid,other,NA
contribution,other,NA
contsurvplot,other,NA
convdistr,other,NA
convergEU,other,NA
conversim,other,NA
cophescan,other,NA
corTest,other,NA
corkscrew,other,NA
corncob,other,NA
corona,other,NA
corporaexplorer,other,NA
corrViz,other,NA
correlatio,other,NA
correlationfunnel,other,NA
corrr,other,NA
corx,other,NA
cosimmr,other,NA
cosinor,other,NA
cosinor2,other,NA
countfitteR,other,NA
countland,other,NA
countries,other,NA
countts,other,NA
coursekata,in grammar,"Scale, Theme"
covalchemy,other,NA
coveffectsplot,other,NA
covidcast,other,NA
cowbell,other,NA
cowplot,in grammar,Theme
coxrt,other,NA
cpam,other,NA
cplm,other,NA
cpop,other,NA
cpr,other,NA
cprobit,other,NA
cpss,other,NA
cranly,other,NA
crayons,in grammar,Scale
crctStepdown,other,NA
creditmodel,other,NA
cricketr,other,NA
crimeutils,in grammar,"Scale, Theme"
criticality,other,NA
critpath,other,NA
crm12Comb,other,NA
crmPack,other,NA
crmReg,other,NA
cropDemand,other,NA
cropZoning,other,NA
crops,other,NA
crosshap,other,NA
crosslag,other,NA
crossnma,other,NA
crqa,other,NA
cry,in grammar,Theme
csa,other,NA
csalert,other,NA
csdb,other,NA
csmaps,other,NA
csmpv,other,NA
cspp,other,NA
csranks,other,NA
cstidy,other,NA
csurvey,other,NA
csutil,other,NA
ctsem,other,NA
ctsfeatures,other,NA
ctsmTMB,other,NA
cubar,other,NA
cubble,in grammar,Layer (Geom/Stat)
cuperdec,other,NA
cureplots,other,NA
curtailment,other,NA
cusumcharter,other,NA
cutpointr,other,NA
cvCovEst,other,NA
cvasi,other,NA
cvms,other,NA
cylcop,other,NA
cystiSim,other,NA
cytofan,in grammar,Layer (Geom/Stat)
cytometree,other,NA
dCUR,other,NA
dMod,in grammar,"Scale, Theme"
dMrs,other,NA
dPCP,other,NA
dabestr,other,NA
dad,other,NA
dados,other,NA
dae,other,NA
daiquiri,other,NA
daltoolbox,other,NA
dampack,other,NA
dann,other,NA
darksky,other,NA
dartR,other,NA
dartR.base,in grammar,Theme
dartR.captive,other,NA
dartR.popgen,other,NA
dartR.sexlinked,other,NA
dartR.sim,other,NA
dartR.spatial,other,NA
data.table.threads,other,NA
dataMaid,other,NA
dataReporter,other,NA
datamedios,other,NA
datana,other,NA
dataprep,other,NA
dataquieR,other,NA
dataspice,other,NA
datos,other,NA
dbGaPCheckup,other,NA
dbcsp,other,NA
dbmss,other,NA
dbnlearn,other,NA
dbplot,other,NA
dbrobust,other,NA
dcortools,other,NA
dcurves,in grammar,"Layer (Geom/Stat), Scale, Coordinate, Theme"
ddecompose,other,NA
ddpcr,other,NA
ddtlcm,other,NA
deFit,other,NA
deaR,other,NA
debiasedTrialEmulation,other,NA
decisionSupport,other,NA
decp,other,NA
deepMOU,other,NA
deepredeff,other,NA
deeptime,in grammar,"Layer (Geom/Stat), Scale, Coordinate, Facet"
degradr,other,NA
deltaccd,other,NA
dematel,other,NA
demodelr,other,NA
demulticoder,other,NA
dendRoAnalyst,other,NA
dendextend,in grammar,Theme
dendroTools,other,NA
densityClust,other,NA
densityratio,other,NA
depower,other,NA
describedata,other,NA
descriptio,other,NA
descriptr,other,NA
descsuppRplots,other,NA
deseats,other,NA
designit,other,NA
desplot,in grammar,Layer (Geom/Stat)
detectRUNS,other,NA
detectXOR,other,NA
detectnorm,other,NA
detzrcr,other,NA
dexisensitivity,other,NA
dextergui,other,NA
dfoliatR,other,NA
dfrr,other,NA
dgpsi,other,NA
diagis,other,NA
diathor,other,NA
diceR,other,NA
diceplot,in grammar,Layer (Geom/Stat)
did,other,NA
did2s,other,NA
didec,other,NA
diegr,other,NA
difNLR,other,NA
difR,other,NA
diffEnrich,other,NA
diffeR,other,NA
digiRhythm,other,NA
dilp,other,NA
dipm,other,NA
dirichletprocess,other,NA
disaggregation,other,NA
disbayes,other,NA
discharge,other,NA
discourseGT,other,NA
discoveR,other,NA
discovr,in grammar,Scale
dispersionIndicators,other,NA
disprofas,other,NA
disto,other,NA
distributions3,in grammar,Layer (Geom/Stat)
dittoViz,other,NA
div,other,NA
divent,other,NA
diversityForest,other,NA
diyar,other,NA
dlim,other,NA
dlmtree,other,NA
dlookr,other,NA
dlstats,other,NA
dmai,other,NA
dmbc,other,NA
dndR,other,NA
dnn,other,NA
doBy,in grammar,Scale
dobin,other,NA
doblin,in grammar,Theme
dogesr,other,NA
dominanceanalysis,other,NA
donutsk,in grammar,Layer (Geom/Stat)
doolkit,other,NA
door,other,NA
doremi,other,NA
dosedesignR,other,NA
dots,other,NA
dotsViolin,other,NA
dotwhisker,other,NA
doublIn,other,NA
douconca,other,NA
downloadthis,other,NA
dowser,other,NA
dpasurv,other,NA
dr4pl,other,NA
dreamer,other,NA
drhutools,in grammar,Scale
drimmR,other,NA
dropR,other,NA
drord,other,NA
drpop,other,NA
drugsens,other,NA
ds4psy,in grammar,Theme
dsa,other,NA
dscoreMSM,other,NA
dsdp,other,NA
dsem,other,NA
dsims,other,NA
dslabs,other,NA
dslice,other,NA
dsm,other,NA
dsos,other,NA
dssd,other,NA
dst,other,NA
dtComb,other,NA
dtlcor,other,NA
dtwclust,other,NA
dualScale,other,NA
duet,other,NA
dumbbell,other,NA
dvmisc,other,NA
dvqcc,other,NA
dycdtools,other,NA
dymo,other,NA
dynRB,other,NA
dynaSpec,other,NA
dynamite,other,NA
dyngen,other,NA
dynr,other,NA
dynsim,other,NA
dynsurv,other,NA
e2tree,other,NA
eDNAfuns,other,NA
eDNAjoint,other,NA
eHDPrep,other,NA
eRTG3D,other,NA
eSIR,other,NA
earlyR,other,NA
easyalluvial,other,NA
easybgm,other,NA
easybio,in grammar,Theme
easylabel,other,NA
easynem,in grammar,Layer (Geom/Stat)
easysurv,in grammar,Theme
eat,other,NA
ebm,in grammar,Layer (Geom/Stat)
ebnm,other,NA
ebvcube,other,NA
ecan,other,NA
echoice2,other,NA
ecic,other,NA
ecocbo,other,NA
ecochange,other,NA
ecocomDP,other,NA
ecode,other,NA
ecolottery,other,NA
ecorisk,other,NA
ecostate,other,NA
ecr,other,NA
eda4treeR,other,NA
edar,other,NA
edeaR,other,NA
edecob,other,NA
edina,other,NA
edstan,other,NA
eefAnalytics,other,NA
eeptools,in grammar,Theme
effectplots,other,NA
ega,other,NA
egg,in grammar,"Layer (Geom/Stat), Theme"
eiExpand,other,NA
eirm,other,NA
eks,in grammar,Scale
elfgen,other,NA
embryogrowth,other,NA
emcAdr,other,NA
emdi,other,NA
emery,other,NA
emojifont,in grammar,Layer (Geom/Stat)
emstreeR,in grammar,Layer (Geom/Stat)
endtoend,other,NA
enetLTS,other,NA
enmSdmX,other,NA
enpls,other,NA
enrichR,other,NA
ensembleTax,other,NA
ensr,other,NA
entropart,other,NA
envalysis,in grammar,Theme
eoffice,other,NA
epe4md,other,NA
epiCo,other,NA
epicmodel,other,NA
epifitter,other,NA
epikit,other,NA
epinetr,other,NA
epiomics,other,NA
epiphy,other,NA
episensr,other,NA
epiworldRShiny,other,NA
epmfd,in grammar,Scale
epos,other,NA
epts,other,NA
eq5dsuite,other,NA
ern,other,NA
ernm,other,NA
escalation,other,NA
esci,in grammar,Layer (Geom/Stat)
esemifar,other,NA
esmisc,in grammar,Theme
esmtools,other,NA
esquisse,other,NA
estadistica,other,NA
estar,other,NA
estimators,other,NA
esvis,other,NA
ethnobotanyR,other,NA
etrm,other,NA
eudract,other,NA
eufmdis.adapt,other,NA
evalITR,other,NA
evanverse,other,NA
eventPred,other,NA
eventreport,other,NA
eventstudyr,other,NA
evolqg,other,NA
evoper,other,NA
evprof,other,NA
evsim,other,NA
ewoc,other,NA
exactamente,other,NA
examly,other,NA
exceldata,other,NA
excessmort,other,NA
expertsurv,other,NA
expirest,other,NA
explainer,other,NA
explor,other,NA
exploratory,in grammar,Theme
explore,other,NA
exploreR,other,NA
exreport,other,NA
extraSuperpower,other,NA
extrememix,other,NA
exuber,in grammar,"Scale, Theme"
eyelinkReader,other,NA
eyetools,other,NA
eyetrackingR,other,NA
ez,other,NA
ezCutoffs,other,NA
ezTrack,other,NA
ezcox,other,NA
ezmmek,other,NA
ezplot,in grammar,Theme
ezr,other,NA
fChange,in grammar,Layer (Geom/Stat)
fEGarch,other,NA
fSRM,other,NA
fabMix,other,NA
fabletools,other,NA
factoextra,other,NA
factorplot,other,NA
fairGATE,other,NA
fairGNN,other,NA
fairadapt,other,NA
fairmodels,other,NA
familial,other,NA
fasstr,other,NA
fastFMM,other,NA
fastR2,other,NA
fastRG,other,NA
fastText,other,NA
fastai,other,NA
fastdid,other,NA
fastml,other,NA
fastqcr,other,NA
fastrep,other,NA
faux,other,NA
fbroc,other,NA
fcaR,other,NA
fcfdr,other,NA
fcm,other,NA
fdANOVA,other,NA
fdaPOIFD,other,NA
fdapaceShiny,other,NA
fdp,other,NA
fdq,other,NA
fdrci,other,NA
feasts,in grammar,"Layer (Geom/Stat), Scale"
fect,other,NA
fence,other,NA
ferrn,in grammar,"Layer (Geom/Stat), Scale, Theme"
ffaframework,other,NA
ffp,other,NA
fftab,other,NA
fgeo.plot,in grammar,Theme
fic,other,NA
fido,other,NA
figpatch,other,NA
fillpattern,in grammar,Scale
finalfit,other,NA
findGSEP,other,NA
findviews,other,NA
finetune,other,NA
fingerPro,other,NA
finna,other,NA
finnsurveytext,other,NA
firebehavioR,other,NA
fireexposuR,other,NA
fishRman,other,NA
fishualize,in grammar,Scale
fitODBODRshiny,other,NA
fitbitViz,other,NA
fitlandr,other,NA
fitur,other,NA
fixes,other,NA
fkbma,other,NA
flametree,other,NA
flashier,other,NA
flashlight,other,NA
flex,other,NA
flexFitR,other,NA
flexIC,other,NA
flexoki,in grammar,"Scale, Theme"
flexsurv,other,NA
flexurba,other,NA
flightplot,other,NA
flimo,other,NA
flippant,other,NA
flipr,in grammar,Layer (Geom/Stat)
flowTraceR,other,NA
flowmapper,other,NA
flps,other,NA
fluxible,other,NA
fmeffects,other,NA
fmi,other,NA
fmriqa,other,NA
folda,other,NA
footBayes,other,NA
foqat,in grammar,Layer (Geom/Stat)
forcis,in grammar,Layer (Geom/Stat)
foreSIGHT,other,NA
forecast,in grammar,Layer (Geom/Stat)
forecastHybrid,other,NA
forecastML,other,NA
forensicolors,other,NA
forestRK,other,NA
forestat,other,NA
forestecology,other,NA
forestinventory,other,NA
forestly,in grammar,Theme
forestmangr,other,NA
forestmodel,in grammar,Theme
forestr,other,NA
formods,other,NA
forsearch,other,NA
fpp2,other,NA
fpp3,other,NA
fqar,other,NA
fractalforest,other,NA
frailtyEM,other,NA
frailtySurv,other,NA
freqparcoord,other,NA
frequency,other,NA
frequentdirections,other,NA
fsdaR,other,NA
fsemipar,other,NA
fsr,other,NA
fst4pg,other,NA
ftaproxim,other,NA
funMoDisco,other,NA
funModeling,in grammar,Coordinate
funStatTest,in grammar,Layer (Geom/Stat)
func2vis,other,NA
funcharts,in grammar,Scale
funkycells,other,NA
funkyheatmap,in grammar,"Layer (Geom/Stat), Scale"
funnelR,other,NA
fusionchartsR,other,NA
fuzzyforest,other,NA
fxTWAPLS,other,NA
gJLS2,other,NA
gMCPLite,other,NA
gMOIP,other,NA
gWQS,other,NA
gaawr2,other,NA
gam.hp,other,NA
gamma,other,NA
gammaFuncModel,other,NA
gap,other,NA
gapclosing,other,NA
gapmap,other,NA
garma,other,NA
gasmodel,other,NA
gasper,other,NA
gastempt,other,NA
gaussplotR,other,NA
gbm.auto,other,NA
gcerisk,other,NA
gclink,other,NA
gcxgclab,other,NA
gde,other,NA
gdim,other,NA
gdverse,other,NA
gecko,other,NA
geeasy,other,NA
gemR,other,NA
gen5helper,other,NA
genBaRcode,other,NA
genMCMCDiag,other,NA
genSEIR,other,NA
geneNR,other,NA
genekitr,other,NA
genetic.algo.optimizeR,other,NA
geneticae,other,NA
genlogis,other,NA
genogeographer,other,NA
genpwr,other,NA
geocausal,other,NA
geocmeans,other,NA
geofacet,in grammar,Facet
geohabnet,other,NA
geoheatmap,other,NA
geomander,other,NA
geomerge,other,NA
geomorph,other,NA
geomtextpath,in grammar,"Layer (Geom/Stat), Scale, Coordinate"
geosimilarity,other,NA
geospatialsuite,other,NA
geostan,other,NA
geotoolsR,other,NA
germinationmetrics,other,NA
getmstatistic,other,NA
getspanel,other,NA
gfer,other,NA
gfoRmula,other,NA
gfoRmulaICE,other,NA
gg.gap,other,NA
gg1d,other,NA
ggBubbles,other,NA
ggChernoff,in grammar,"Layer (Geom/Stat), Scale"
ggDNAvis,other,NA
ggDoE,in grammar,Theme
ggDoubleHeat,in grammar,"Layer (Geom/Stat), Theme"
ggEDA,other,NA
ggExtra,other,NA
ggFishPlots,in grammar,Theme
ggHoriPlot,in grammar,"Layer (Geom/Stat), Scale"
ggOceanMaps,in grammar,Theme
ggPMX,other,NA
ggQQunif,in grammar,"Layer (Geom/Stat), Scale"
ggResidpanel,other,NA
ggRtsy,in grammar,Scale
ggScatRidges,other,NA
ggThemeAssist,other,NA
ggTimeSeries,in grammar,Layer (Geom/Stat)
ggVennDiagram,other,NA
ggalign,in grammar,"Layer (Geom/Stat), Scale, Coordinate, Facet, Theme"
ggaligner,other,NA
ggalignment,other,NA
ggallin,in grammar,Layer (Geom/Stat)
ggalluvial,in grammar,Layer (Geom/Stat)
gganimate,other,NA
ggarchery,in grammar,Layer (Geom/Stat)
ggarrow,in grammar,"Layer (Geom/Stat), Scale"
ggautomap,in grammar,"Layer (Geom/Stat), Coordinate"
ggbeeswarm,in grammar,Layer (Geom/Stat)
ggbiplot,other,NA
ggblanket,in grammar,Scale
ggblend,other,NA
ggborderline,in grammar,"Layer (Geom/Stat), Scale"
ggbrace,in grammar,Layer (Geom/Stat)
ggbrain,in grammar,"Layer (Geom/Stat), Scale"
ggbreak,in grammar,Scale
ggbrick,in grammar,"Layer (Geom/Stat), Coordinate"
ggbuildr,other,NA
ggchangepoint,other,NA
ggcharts,in grammar,Theme
ggchord,other,NA
ggcleveland,other,NA
ggcompare,in grammar,Layer (Geom/Stat)
ggcorrheatmap,other,NA
ggcorrplot,other,NA
ggdag,in grammar,"Layer (Geom/Stat), Scale, Theme"
ggdaynight,other,NA
ggdemetra,in grammar,Layer (Geom/Stat)
ggdendro,in grammar,Theme
ggdensity,in grammar,Layer (Geom/Stat)
ggdiagram,other,NA
ggdibbler,in grammar,"Layer (Geom/Stat), Scale"
ggdiceplot,in grammar,"Layer (Geom/Stat), Scale, Theme"
ggdist,in grammar,"Layer (Geom/Stat), Scale, Facet, Theme"
ggdmc,other,NA
ggeasy,other,NA
ggenealogy,other,NA
ggetho,in grammar,"Layer (Geom/Stat), Scale"
ggfacto,in grammar,Theme
ggfields,in grammar,"Layer (Geom/Stat), Scale"
ggfigdone,other,NA
ggfittext,in grammar,Layer (Geom/Stat)
ggfixest,other,NA
ggflowchart,other,NA
ggfocus,in grammar,Scale
ggfootball,other,NA
ggforce,in grammar,"Layer (Geom/Stat), Scale, Facet, Theme"
ggformula,in grammar,"Layer (Geom/Stat), Theme"
ggfortify,other,NA
ggfoundry,in grammar,Layer (Geom/Stat)
ggfun,in grammar,"Layer (Geom/Stat), Facet, Theme"
ggfx,other,NA
gggap,other,NA
gggda,in grammar,"Layer (Geom/Stat), Coordinate"
gggenes,in grammar,"Layer (Geom/Stat), Theme"
gggenomes,in grammar,"Layer (Geom/Stat), Scale, Theme"
ggghost,other,NA
gggibbous,in grammar,Layer (Geom/Stat)
gggrid,other,NA
ggh4x,in grammar,"Layer (Geom/Stat), Scale, Coordinate, Facet"
gghalfnorm,other,NA
gghdx,in grammar,"Layer (Geom/Stat), Scale, Theme"
gghexsize,in grammar,"Layer (Geom/Stat), Scale"
gghighlight,other,NA
gghilbertstrings,other,NA
gghist,other,NA
gghourglass,in grammar,"Layer (Geom/Stat), Coordinate"
ggimage,in grammar,"Layer (Geom/Stat), Theme"
ggimg,in grammar,Layer (Geom/Stat)
ggincerta,in grammar,"Layer (Geom/Stat), Scale"
gginference,other,NA
gginnards,in grammar,Layer (Geom/Stat)
ggip,in grammar,"Layer (Geom/Stat), Coordinate, Theme"
ggiraph,in grammar,"Layer (Geom/Stat), Scale, Facet"
ggiraphExtra,in grammar,"Coordinate, Theme"
ggisotonic,in grammar,Layer (Geom/Stat)
gglgbtq,in grammar,"Scale, Theme"
gglinedensity,in grammar,Layer (Geom/Stat)
gglm,in grammar,Layer (Geom/Stat)
gglogger,other,NA
gglorenz,in grammar,Layer (Geom/Stat)
gglyph,in grammar,Layer (Geom/Stat)
ggmRSCU,other,NA
ggmap,in grammar,"Layer (Geom/Stat), Theme"
ggmapcn,in grammar,"Layer (Geom/Stat), Coordinate"
ggmapinset,in grammar,"Layer (Geom/Stat), Coordinate"
ggmatplot,other,NA
ggmcmc,other,NA
ggmice,other,NA
ggmugs,other,NA
ggmuller,other,NA
ggmulti,in grammar,"Layer (Geom/Stat), Coordinate"
ggnetwork,in grammar,"Layer (Geom/Stat), Theme"
ggnewscale,other,NA
ggnormalviolin,in grammar,Layer (Geom/Stat)
ggnuplot,in grammar,"Scale, Theme"
ggokabeito,in grammar,Scale
ggordiplots,in grammar,Scale
ggpackets,other,NA
ggpage,other,NA
ggparty,in grammar,Layer (Geom/Stat)
ggpath,in grammar,Layer (Geom/Stat)
ggpattern,in grammar,"Layer (Geom/Stat), Scale"
ggpca,other,NA
ggpcp,in grammar,"Layer (Geom/Stat), Theme"
ggpedigree,other,NA
ggperiodic,other,NA
ggpicrust2,other,NA
ggplate,other,NA
ggplayfair,in grammar,Layer (Geom/Stat)
ggplot.multistats,in grammar,Layer (Geom/Stat)
ggplot2.utils,in grammar,Layer (Geom/Stat)
ggplotAssist,other,NA
ggplotgui,other,NA
ggplotify,other,NA
ggpmisc,in grammar,"Layer (Geom/Stat), Scale"
ggpointdensity,in grammar,Layer (Geom/Stat)
ggpointless,in grammar,Layer (Geom/Stat)
ggpolar,other,NA
ggpolypath,in grammar,Layer (Geom/Stat)
ggpp,in grammar,"Layer (Geom/Stat), Scale"
ggprism,in grammar,"Scale, Theme"
ggpubr,in grammar,"Layer (Geom/Stat), Theme"
ggpval,other,NA
ggquickeda,in grammar,Layer (Geom/Stat)
ggquiver,in grammar,Layer (Geom/Stat)
ggragged,in grammar,Facet
ggrain,in grammar,Layer (Geom/Stat)
ggraph,in grammar,"Layer (Geom/Stat), Scale, Facet, Theme"
ggraptR,other,NA
ggrasp,other,NA
ggrastr,in grammar,"Layer (Geom/Stat), Theme"
ggrcs,other,NA
ggredist,in grammar,"Layer (Geom/Stat), Scale, Theme"
ggrepel,in grammar,Layer (Geom/Stat)
ggreveal,other,NA
ggridges,in grammar,"Layer (Geom/Stat), Scale, Theme"
ggrisk,other,NA
ggrounded,in grammar,Layer (Geom/Stat)
ggsankeyfier,in grammar,"Layer (Geom/Stat), Scale"
ggsci,in grammar,Scale
ggscidca,other,NA
ggsector,in grammar,Layer (Geom/Stat)
ggseg,in grammar,"Layer (Geom/Stat), Scale, Theme"
ggsegmentedtotalbar,other,NA
ggsem,other,NA
ggseqlogo,in grammar,"Layer (Geom/Stat), Theme"
ggseqplot,other,NA
ggshadow,in grammar,"Layer (Geom/Stat), Scale"
ggside,in grammar,"Layer (Geom/Stat), Scale, Theme"
ggsignif,in grammar,Layer (Geom/Stat)
ggsmc,other,NA
ggsoccer,in grammar,Theme
ggsolvencyii,in grammar,Layer (Geom/Stat)
ggsom,in grammar,Layer (Geom/Stat)
ggspark,in grammar,Layer (Geom/Stat)
ggspatial,in grammar,"Layer (Geom/Stat), Coordinate"
ggspectra,in grammar,"Layer (Geom/Stat), Scale"
ggstackplot,in grammar,Theme
ggstance,in grammar,Layer (Geom/Stat)
ggstar,in grammar,"Layer (Geom/Stat), Scale"
ggstats,in grammar,"Layer (Geom/Stat), Scale"
ggstatsplot,in grammar,Theme
ggstudent,in grammar,Layer (Geom/Stat)
ggsurveillance,in grammar,"Layer (Geom/Stat), Scale, Theme"
ggsurvey,other,NA
ggsurvfit,in grammar,"Layer (Geom/Stat), Scale, Theme"
ggswissmaps,in grammar,Theme
ggtangle,in grammar,Layer (Geom/Stat)
ggtaxplot,other,NA
ggtea,in grammar,"Scale, Theme"
ggtern,in grammar,"Layer (Geom/Stat), Scale, Coordinate, Theme"
ggtext,in grammar,Layer (Geom/Stat)
ggthemeUL,in grammar,"Scale, Theme"
ggthemes,in grammar,"Layer (Geom/Stat), Scale, Theme"
ggtibble,other,NA
ggtikz,other,NA
ggtime,other,NA
ggtrace,in grammar,Layer (Geom/Stat)
ggtranslate,other,NA
ggtreebar,in grammar,Layer (Geom/Stat)
ggtrendline,in grammar,Layer (Geom/Stat)
ggtricks,in grammar,Layer (Geom/Stat)
ggupset,in grammar,"Scale, Theme"
ggvenn,in grammar,Layer (Geom/Stat)
ggvfields,in grammar,"Layer (Geom/Stat), Scale"
ggview,other,NA
ggvolcano,other,NA
ggwordcloud,in grammar,Layer (Geom/Stat)
ggx,other,NA
giniCI,other,NA
glioblastomaEHRsData,other,NA
glmm.hp,other,NA
glmmPen,other,NA
glmmSeq,other,NA
glmmfields,other,NA
glmmsel,other,NA
glmtlp,other,NA
glmtrans,other,NA
globaltrends,other,NA
glober,other,NA
glossa,other,NA
glow,other,NA
glsm,other,NA
gluvarpro,other,NA
gmgm,other,NA
gnonadd,other,NA
goat,other,NA
gofreg,other,NA
goldfish,other,NA
gompertztrunc,other,NA
gosset,other,NA
gpmap,other,NA
gprofiler2,other,NA
grabsampling,other,NA
grafify,in grammar,"Scale, Theme"
grainscape,in grammar,Theme
grandR,other,NA
granovaGG,other,NA
grapesAgri1,other,NA
graph4lg,other,NA
grapherator,other,NA
graphonmix,in grammar,Scale
grasps,other,NA
gratia,in grammar,Scale
gravitas,other,NA
greed,other,NA
greeks,other,NA
greenR,other,NA
greenfeedr,other,NA
greport,other,NA
gridsampler,other,NA
grobblR,other,NA
groupedHyperframe,other,NA
grouprar,other,NA
growfunctions,other,NA
growthPheno,other,NA
grpsel,other,NA
grwat,other,NA
gsDesign,other,NA
gsaot,other,NA
gsbDesign,other,NA
gscaLCA,other,NA
gscramble,other,NA
gseries,other,NA
gspcr,other,NA
gstar,other,NA
gsynth,other,NA
gtExtras,other,NA
gtregression,other,NA
gtrendsR,other,NA
guideR,in grammar,Theme
guiplot,other,NA
gumboot,other,NA
gunsales,other,NA
gwaRs,other,NA
gwasforest,other,NA
gwid,other,NA
hBayesDM,other,NA
hJAM,other,NA
hagis,other,NA
hahmmr,other,NA
haldensify,other,NA
halfmoon,in grammar,Layer (Geom/Stat)
handwriter,other,NA
handwriterApp,other,NA
harbinger,other,NA
harmony,other,NA
harrypotter,other,NA
hatchR,other,NA
hbal,other,NA
hbamr,other,NA
hbsaems,other,NA
hcruR,other,NA
hdcuremodels,other,NA
hdflex,other,NA
hdm,other,NA
hdme,other,NA
hdnom,in grammar,Theme
hdpGLM,other,NA
hdrcde,other,NA
healthfinance,other,NA
healthyR,other,NA
healthyR.ai,other,NA
healthyR.ts,other,NA
heartbeatr,other,NA
heatmaply,other,NA
heatwaveR,in grammar,Layer (Geom/Stat)
heemod,other,NA
heimdall,other,NA
heiscore,other,NA
helixvis,other,NA
henna,other,NA
hesim,other,NA
hettx,other,NA
heumilkr,other,NA
heuristicsmineR,other,NA
hexSticker,in grammar,"Layer (Geom/Stat), Theme"
hhi,other,NA
hhmR,other,NA
hidecan,other,NA
hierarchicalSets,other,NA
highlightr,other,NA
himach,other,NA
hindex,other,NA
historicalborrow,other,NA
historicalborrowlong,other,NA
hlt,other,NA
hmde,other,NA
hmer,other,NA
hmmTMB,other,NA
hmsidwR,in grammar,Theme
hockeystick,other,NA
holi,other,NA
holobiont,other,NA
hopbyhop,other,NA
hpiR,other,NA
hsstan,other,NA
hstats,other,NA
htmlreportR,other,NA
htrSPRanalysis,other,NA
htsr,other,NA
httk,other,NA
huito,other,NA
hurricaneexposure,other,NA
hybridModels,other,NA
hydraulics,other,NA
hydroToolkit,other,NA
hydroroute,other,NA
hydrotoolbox,other,NA
hyfo,other,NA
hyperSpec,other,NA
hyperoverlap,other,NA
hypervolume,other,NA
hyreg2,other,NA
iAR,other,NA
iBreakDown,other,NA
iCARH,other,NA
iCellR,other,NA
iClusterVB,other,NA
iNEXT,other,NA
iNEXT.3D,other,NA
iNEXT.4steps,other,NA
iNEXT.beta3D,other,NA
iNZightRegression,other,NA
iNZightTS,other,NA
iPRISM,other,NA
iRfcb,other,NA
iSTATS,other,NA
iSTAY,other,NA
iai,other,NA
iarm,other,NA
ibawds,other,NA
ibdfindr,other,NA
ibdsim2,other,NA
icardaFIGSr,other,NA
iccCounts,other,NA
icertool,other,NA
ichimoku,other,NA
iclogcondist,other,NA
icmstate,other,NA
icpack,other,NA
ideamdb,other,NA
ideanet,other,NA
idiffomix,other,NA
idiolect,other,NA
idm,other,NA
idopNetwork,other,NA
ifaTools,other,NA
ig.degree.betweenness,other,NA
igate,other,NA
iglu,other,NA
ihclust,other,NA
iheiddown,in grammar,Theme
imageData,other,NA
imageRy,other,NA
imbalance,other,NA
iml,other,NA
immunarch,other,NA
immunaut,other,NA
immundata,other,NA
important,other,NA
imprinting,other,NA
imputeTS,other,NA
imputeTestbench,other,NA
imsig,other,NA
imt,other,NA
inDAGO,other,NA
inTextSummaryTable,other,NA
incR,other,NA
incidence,in grammar,Scale
incidental,other,NA
inctools,other,NA
industRial,in grammar,Theme
infer,other,NA
inferCSN,other,NA
infinitefactor,other,NA
influenceAUC,other,NA
influential,other,NA
ingredients,other,NA
injurytools,other,NA
inlamemi,other,NA
innsight,other,NA
ino,other,NA
insane,other,NA
inspectdf,other,NA
insurancerating,other,NA
intRinsic,other,NA
intSDM,other,NA
intensitynet,other,NA
interactions,other,NA
interca,other,NA
interflex,other,NA
interplot,other,NA
interpretCI,other,NA
intervalpsych,in grammar,Theme
inti,other,NA
intradayModel,other,NA
intsvy,other,NA
invacost,other,NA
inventorize,other,NA
invitroTKstats,other,NA
invivoPKfit,in grammar,"Layer (Geom/Stat), Scale, Facet"
ioanalysis,other,NA
iotarelr,other,NA
ip2location,other,NA
ip2proxy,other,NA
ipeaplot,in grammar,"Scale, Theme"
ipfr,other,NA
ipft,other,NA
iprior,other,NA
ipsRdbs,other,NA
ir,other,NA
iraceplot,other,NA
irtQ,other,NA
irtpwr,other,NA
islasso,other,NA
isobxr,other,NA
isoorbi,other,NA
isopam,other,NA
istat,other,NA
itan,other,NA
itemanalysis,other,NA
itraxR,other,NA
its.analysis,other,NA
itsdm,other,NA
ivDiag,other,NA
ivmodel,other,NA
ivolcano,in grammar,"Layer (Geom/Stat), Scale"
iwaqr,other,NA
jackstrap,other,NA
jadeLizardOptions,other,NA
janus,other,NA
jarbes,other,NA
jcext,other,NA
jcolors,in grammar,"Scale, Theme"
jenga,other,NA
jfa,other,NA
jmBIG,other,NA
jmastats,in grammar,Scale
jmv,other,NA
joineRML,other,NA
jointVIP,other,NA
joker,other,NA
jrSiCKLSNMF,other,NA
jrt,other,NA
jskm,other,NA
jsmodule,other,NA
jtdm,other,NA
jtools,in grammar,"Scale, Theme"
k5,other,NA
kaos,other,NA
karyotapR,other,NA
kayadata,other,NA
kendallRandomWalks,other,NA
kernelPhil,other,NA
kerntools,other,NA
kesernetwork,other,NA
keyATM,other,NA
kfino,other,NA
kfre,other,NA
kgschart,other,NA
kindisperse,other,NA
kitesquare,other,NA
klovan,other,NA
kmed,other,NA
knfi,other,NA
knobi,other,NA
kollaR,other,NA
konfound,other,NA
kpcaIG,other,NA
kronos,other,NA
kssa,other,NA
l1kdeconv,other,NA
l1rotation,other,NA
l1spectral,other,NA
labNorm,other,NA
lablaster,other,NA
labsimplex,other,NA
lactater,other,NA
lacunr,other,NA
lakhesis,other,NA
lambdaTS,other,NA
landscapemetrics,in grammar,Scale
lans2r,other,NA
lares,in grammar,"Scale, Theme"
latbias,other,NA
latentcor,other,NA
latte,other,NA
lavaSearch2,other,NA
lavinteract,other,NA
layer,other,NA
lazytrade,other,NA
lcars,in grammar,Theme
lcc,other,NA
lcsm,other,NA
lddmm,other,NA
ldhmm,other,NA
ldmppr,in grammar,Scale
leakr,other,NA
legendry,in grammar,"Scale, Theme"
lehuynh,other,NA
lemna,other,NA
lemon,in grammar,"Layer (Geom/Stat), Scale, Coordinate, Facet"
lessSEM,other,NA
lfmm,other,NA
lfproQC,other,NA
lg,other,NA
lgpr,other,NA
lifeR,other,NA
likelihoodTools,other,NA
likert,other,NA
lilikoi,other,NA
lime,other,NA
lindia,other,NA
lineartestr,other,NA
linkspotter,other,NA
lipidomeR,other,NA
litRiddle,other,NA
litteR,in grammar,Layer (Geom/Stat)
live,other,NA
liver,other,NA
llama,other,NA
llbayesireg,other,NA
lmap,in grammar,Theme
lmerTest,other,NA
lmeresampler,other,NA
lnmixsurv,other,NA
localICE,other,NA
localModel,other,NA
localgauss,other,NA
locuszoomr,other,NA
loewesadditivity,other,NA
logihist,other,NA
logisticPCA,other,NA
lolR,other,NA
lolog,other,NA
lomb,other,NA
longRPart2,other,NA
longitudinalcascade,other,NA
longreadvqs,other,NA
lookout,other,NA
loon.ggplot,in grammar,"Layer (Geom/Stat), Scale"
lpcde,other,NA
lpdensity,other,NA
lpirfs,other,NA
lsirm12pl,other,NA
lsl,other,NA
lslx,other,NA
lsm,other,NA
lspartition,other,NA
lterpalettefinder,other,NA
ltertools,other,NA
lvmisc,other,NA
lvplot,in grammar,"Layer (Geom/Stat), Scale"
lwqs,other,NA
m2b,other,NA
mFD,other,NA
mFLICA,other,NA
macrosyntR,other,NA
madshapR,other,NA
maicChecks,other,NA
makemyprior,in grammar,Scale
malariaAtlas,other,NA
mammalcol,other,NA
manhplot,other,NA
mantis,other,NA
manydata,other,NA
manymodelr,other,NA
manymome,other,NA
mapbayr,other,NA
mapcan,in grammar,Theme
mapindia,other,NA
mapmixture,other,NA
mappestRisk,other,NA
mappoly,other,NA
maraca,other,NA
marcox,other,NA
marmap,other,NA
matricks,other,NA
matrixCorr,other,NA
matuR,other,NA
mau,other,NA
mbRes,other,NA
mbX,other,NA
mbbe,other,NA
mbreaks,other,NA
mbsts,other,NA
mc2d,other,NA
mcMST,other,NA
mcStats,other,NA
mcb,other,NA
mccca,other,NA
mccf1,other,NA
mcmsupply,other,NA
mcp,other,NA
mcprofile,other,NA
mcradds,other,NA
mctq,other,NA
mcvis,other,NA
mda.biber,other,NA
mdpeer,other,NA
mdsr,in grammar,Theme
meconetcomp,other,NA
mecoturn,other,NA
medfate,other,NA
medfateland,other,NA
meerva,other,NA
mekko,other,NA
meltt,other,NA
mem,other,NA
memapp,other,NA
meme,other,NA
memery,other,NA
memoria,other,NA
merTools,other,NA
messi,other,NA
metR,in grammar,"Layer (Geom/Stat), Scale"
meta,other,NA
metaEnsembleR,other,NA
metaGE,other,NA
metabolic,other,NA
metabup,other,NA
metacart,other,NA
metaconfoundr,in grammar,"Layer (Geom/Stat), Scale, Facet, Theme"
metadeconfoundR,other,NA
metaforest,other,NA
metagam,other,NA
metagroup,other,NA
metainc,other,NA
metamicrobiomeR,other,NA
metamisc,other,NA
metamorphr,in grammar,Scale
metan,in grammar,Theme
metanetwork,other,NA
metapack,other,NA
metaplot,other,NA
metapower,other,NA
metaquant,other,NA
metasnf,other,NA
metavcov,other,NA
metaviz,other,NA
metools,other,NA
metrica,other,NA
mfp2,other,NA
mfpp,other,NA
mgcViz,other,NA
mgee2,other,NA
mglasso,other,NA
mgwrhw,other,NA
mgwrsar,other,NA
mhtboot,other,NA
miLAG,other,NA
miceRanger,other,NA
microbial,other,NA
microdiluteR,other,NA
microeco,other,NA
microhaplot,other,NA
micromap,other,NA
microplot,other,NA
midi,other,NA
mineCitrus,other,NA
minimaxALT,other,NA
mipplot,other,NA
mispitools,other,NA
missCompare,other,NA
missMDA,other,NA
missSBM,other,NA
missingHE,other,NA
misspi,other,NA
mistral,other,NA
misty,other,NA
mitey,other,NA
mixKernel,other,NA
mixR,other,NA
mixedLSR,other,NA
mixedbiastest,other,NA
mixopt,other,NA
mixpoissonreg,other,NA
mixtur,other,NA
mixvlmc,other,NA
mizer,other,NA
mlbplotR,in grammar,"Layer (Geom/Stat), Scale, Theme"
mlergm,other,NA
mlmc,other,NA
mlmtools,other,NA
mlmts,other,NA
mlpwr,other,NA
mlr,other,NA
mlr3benchmark,other,NA
mlr3fairness,other,NA
mlr3spatiotempcv,other,NA
mlr3viz,other,NA
mlspatial,other,NA
mlts,other,NA
mlxR,other,NA
mmaqshiny,other,NA
mmeta,other,NA
mmibain,other,NA
mnda,other,NA
mobr,other,NA
mod2rm,other,NA
modACDC,other,NA
model4you,other,NA
modelDown,other,NA
modeldb,other,NA
modeltime,other,NA
modeltime.resample,other,NA
moderate.mediation,other,NA
moderndive,in grammar,Layer (Geom/Stat)
modgo,other,NA
modnets,other,NA
modsem,other,NA
moexer,other,NA
monoClust,other,NA
monochromeR,other,NA
monolix2rx,other,NA
moodleR,other,NA
moreparty,other,NA
morepls,other,NA
morse,other,NA
morseDR,other,NA
morseTKTD,other,NA
mosaic,in grammar,Theme
mosaicCalc,other,NA
motifr,other,NA
motoRneuron,other,NA
mousetrap,in grammar,Scale
moveEZ,other,NA
moveHMM,other,NA
movedesign,other,NA
movegroup,other,NA
movementsync,other,NA
mpactr,other,NA
mpathr,other,NA
mplot,other,NA
mpmsim,other,NA
mpoly,other,NA
mpower,in grammar,Scale
mppR,other,NA
mpwR,other,NA
mrIML,other,NA
mrct,other,NA
mrf2d,other,NA
mrfDepth,other,NA
mrgsim.sa,other,NA
msdrought,other,NA
mtb,other,NA
mtdesign,other,NA
mtrank,other,NA
mudfold,other,NA
mulea,other,NA
mulgar,other,NA
multiDimBio,other,NA
multiDoE,other,NA
multiScaleR,other,NA
multibias,other,NA
multibreakeR,other,NA
multid,other,NA
multifear,other,NA
multilandr,other,NA
multilevelPSA,other,NA
multilevelTools,other,NA
multilevelcoda,other,NA
multimedia,other,NA
multinma,in grammar,"Layer (Geom/Stat), Theme"
multinomialLogitMix,other,NA
multipanelfigure,other,NA
multiplestressR,other,NA
multivar,other,NA
musclesyneRgies,other,NA
mutSignatures,other,NA
mvSUSY,other,NA
mvdalab,other,NA
mverse,other,NA
mvgam,other,NA
mvnimpute,other,NA
mxfda,other,NA
mxnorm,other,NA
myClim,other,NA
myTAI,in grammar,Layer (Geom/Stat)
mycaas,other,NA
mycolorsTB,in grammar,Scale
naive,other,NA
nandb,other,NA
naniar,in grammar,Layer (Geom/Stat)
ncappc,other,NA
neatStats,other,NA
neatmaps,other,NA
necountries,other,NA
negligible,other,NA
nemtr,other,NA
neodistr,other,NA
neonPlantEcology,other,NA
neonSoilFlux,other,NA
neptune,other,NA
nestcolor,in grammar,Theme
nestedcv,in grammar,Layer (Geom/Stat)
nestedpp,other,NA
netShiny,other,NA
netcom,other,NA
netdose,other,NA
netmeta,other,NA
netropy,other,NA
networktools,other,NA
neuralGAM,other,NA
neuroUp,other,NA
neuroim2,in grammar,"Scale, Coordinate"
neuroimaGene,other,NA
neuromplex,other,NA
neutralitytestr,other,NA
neutrostat,other,NA
nevada,in grammar,Layer (Geom/Stat)
nflplotR,in grammar,"Layer (Geom/Stat), Scale"
ngramr,in grammar,Theme
nhdR,other,NA
nhstplot,other,NA
nima,in grammar,"Scale, Theme"
nimblewomble,other,NA
nixmass,other,NA
nixtlar,other,NA
nlgm,other,NA
nlive,other,NA
nlmeVPC,other,NA
nlmixr2extra,other,NA
nlmixr2plot,in grammar,Layer (Geom/Stat)
nlmixr2rpt,other,NA
nlpsem,other,NA
nmaplateplot,other,NA
nmathresh,other,NA
nmrrr,other,NA
nnTensor,other,NA
nncc,other,NA
nntmvn,other,NA
noisemodel,other,NA
noisySBM,other,NA
noisyr,other,NA
nonParQuantileCausality,other,NA
nonet,other,NA
nonmem2R,in grammar,Layer (Geom/Stat)
nonmem2rx,other,NA
nord,in grammar,Scale
normfluodbf,other,NA
normref,other,NA
nortsTest,other,NA
novelqualcodes,other,NA
nparACT,other,NA
npboottprm,other,NA
npclust,other,NA
npcs,other,NA
npde,other,NA
nph,other,NA
nphRCT,other,NA
npregfast,other,NA
nprobust,other,NA
nuggets,in grammar,Layer (Geom/Stat)
nullabor,in grammar,Theme
numbat,other,NA
nzilbb.vowels,other,NA
o2geosocial,other,NA
o2plsda,other,NA
oHMMed,other,NA
oRaklE,other,NA
oaPlots,other,NA
oaxaca,other,NA
obAnalytics,other,NA
obliqueRSF,other,NA
occCite,other,NA
oceanexplorer,other,NA
oceanic,other,NA
oceanis,in grammar,Coordinate
oceanmap,other,NA
oceanwaves,other,NA
ocf,other,NA
oddsratio,other,NA
oddstream,other,NA
oeli,other,NA
ofpetrial,other,NA
ogrdbstats,other,NA
ohun,other,NA
okcolors,in grammar,Scale
olsrr,other,NA
omixVizR,other,NA
omu,other,NA
onbrand,other,NA
oncomsm,other,NA
onemap,other,NA
onewaytests,other,NA
onpoint,other,NA
onsvplot,in grammar,"Scale, Theme"
ontophylo,other,NA
oolong,other,NA
opGMMassessment,other,NA
opImputation,other,NA
openEBGM,other,NA
openMSE,in grammar,Theme
openSkies,other,NA
openVA,other,NA
openairmaps,other,NA
openintro,in grammar,Scale
opitools,other,NA
oppr,other,NA
optconerrf,other,NA
optedr,other,NA
opticskxi,other,NA
optimos.prime,other,NA
optrefine,other,NA
optsize,other,NA
optweight,other,NA
ordbetareg,other,NA
ordinalsimr,other,NA
ordr,in grammar,"Layer (Geom/Stat), Coordinate, Theme"
oreo,other,NA
orf,other,NA
orgR,other,NA
ormPlot,other,NA
otsfeatures,other,NA
outbreaker2,other,NA
outlierMBC,other,NA
overlapping,other,NA
overshiny,other,NA
overviewR,other,NA
pAnalysis,other,NA
pGRN,other,NA
pRF,other,NA
pRecipe,other,NA
pa,other,NA
packageRank,other,NA
pacotest,other,NA
pacta.multi.loanbook,other,NA
painbow,other,NA
palaeoSig,other,NA
palettes,in grammar,Scale
pam,other,NA
pammtools,in grammar,Layer (Geom/Stat)
pandemonium,other,NA
panelView,other,NA
panelhetero,other,NA
panelr,other,NA
panelvar,other,NA
pannotator,other,NA
parafac4microbiome,other,NA
paramhetero,other,NA
parmsurvfit,other,NA
parsnip,other,NA
partR2,other,NA
partition,other,NA
pastaPlot,other,NA
patchwork,other,NA
pathfindR,other,NA
paths,other,NA
pathviewr,other,NA
patientProfilesVis,other,NA
patterncausality,other,NA
patternplot,other,NA
pbcc,other,NA
pcadapt,other,NA
pctax,other,NA
pcutils,in grammar,Scale
pcvr,other,NA
pdp,other,NA
pedbp,other,NA
pedtricks,other,NA
pema,other,NA
pems.utils,other,NA
penAFT,other,NA
penaltyLearning,other,NA
pepe,other,NA
periscope,other,NA
permubiome,other,NA
perry,other,NA
personalized,other,NA
personr,other,NA
perspectev,other,NA
perturbR,other,NA
petersenlab,other,NA
phacking,other,NA
phase1PRMD,other,NA
phase1RMD,other,NA
phateR,other,NA
phdcocktail,other,NA
phenModel,other,NA
phenofit,other,NA
photosynthesis,other,NA
phylepic,in grammar,"Layer (Geom/Stat), Scale, Coordinate"
phylolm.hp,other,NA
phylopath,other,NA
phyloseqGraphTest,other,NA
phylter,other,NA
phytoclass,other,NA
pid,other,NA
pimeta,other,NA
pioneeR,other,NA
pipe.design,other,NA
piratings,other,NA
pkggraph,other,NA
pksensi,other,NA
platetools,other,NA
plattice,other,NA
play,other,NA
plinkQC,other,NA
plot4fun,other,NA
plotBart,other,NA
plotGMM,other,NA
plotMElm,other,NA
plotROC,in grammar,Layer (Geom/Stat)
plotcli,other,NA
plotdap,other,NA
plotlsirm,other,NA
plotluck,other,NA
plotly,other,NA
plotmm,other,NA
plotor,other,NA
plotthis,in grammar,Theme
plsmmLasso,other,NA
plutor,in grammar,"Layer (Geom/Stat), Scale, Theme"
pmartR,other,NA
pmc,other,NA
pmev,other,NA
pmxNODE,other,NA
pmxTools,other,NA
pogit,other,NA
pointRes,other,NA
poisonfrogs,in grammar,Scale
polarisR,other,NA
polimetrics,other,NA
politeness,other,NA
polymatching,other,NA
polypoly,other,NA
pomcheckr,other,NA
pompom,other,NA
popPyramid,other,NA
poppr,other,NA
popsom7,other,NA
popstudy,other,NA
populationPDXdesign,other,NA
portfolioBacktest,other,NA
postcard,other,NA
poth,other,NA
pould,other,NA
powRICLPM,other,NA
powerNLSEM,other,NA
powerbrmsINLA,other,NA
powerbydesign,other,NA
powerly,other,NA
powerprior,other,NA
ppcSpatial,other,NA
ppgmmga,other,NA
pprof,other,NA
ppseq,other,NA
ppsr,other,NA
prcbench,other,NA
prcr,other,NA
precisely,in grammar,Theme
precmed,other,NA
precrec,other,NA
predRupdate,other,NA
predict3d,in grammar,Theme
predictMe,other,NA
predictNMB,in grammar,Theme
predictionInterval,other,NA
predictmeans,other,NA
predieval,other,NA
predint,other,NA
predtools,other,NA
preference,other,NA
pressuRe,other,NA
prevR,in grammar,Theme
pricesensitivitymeter,other,NA
primer,other,NA
primerTree,other,NA
priorityelasticnet,other,NA
priorsense,other,NA
prism,other,NA
probably,other,NA
processmapR,other,NA
processmonitR,other,NA
processpredictR,other,NA
prodlim,other,NA
productplots,in grammar,Scale
profileR,other,NA
profoc,other,NA
projections,other,NA
projoint,other,NA
projpred,other,NA
promethee123,other,NA
promor,other,NA
promotionImpact,other,NA
prophet,other,NA
protag,other,NA
protein8k,other,NA
proteus,other,NA
protti,in grammar,Scale
psbcSpeedUp,other,NA
psborrow,other,NA
psc,other,NA
pscore,other,NA
psdr,other,NA
pseudoCure,other,NA
psfmi,other,NA
psm3mkv,other,NA
psmineR,other,NA
pspatreg,other,NA
psre,other,NA
psychmeta,other,NA
psycho,other,NA
psyntur,other,NA
ptable,other,NA
ptetools,other,NA
pubh,in grammar,Theme
puff,other,NA
puls,other,NA
pureseqtmr,other,NA
pvEBayes,other,NA
pvLRT,other,NA
pvaluefunctions,other,NA
pvars,other,NA
pvcurveanalysis,other,NA
pvldcurve,other,NA
pwrFDR,other,NA
qPCRhelper,other,NA
qPCRtools,other,NA
qPRAentry,other,NA
qad,other,NA
qbinplots,other,NA
qcQpcr,other,NA
qcapower,other,NA
qdap,in grammar,Theme
qgcomp,other,NA
qgcompint,other,NA
qgraph,other,NA
qicharts,other,NA
qicharts2,other,NA
qmd,other,NA
qpNCA,other,NA
qqplotr,in grammar,Layer (Geom/Stat)
qra,other,NA
qreport,other,NA
qris,other,NA
qrlabelr,other,NA
qte,other,NA
qtkit,other,NA
qtl2ggplot,other,NA
qtl2pattern,other,NA
qtl2pleio,other,NA
qtlpoly,other,NA
quadVAR,other,NA
quadraticSD,other,NA
quadrupen,other,NA
quanteda.textplots,other,NA
quantilogram,other,NA
quantkriging,other,NA
quarks,other,NA
quickPlot,other,NA
quickpsy,other,NA
quid,other,NA
quollr,in grammar,Layer (Geom/Stat)
qwraps2,in grammar,Layer (Geom/Stat)
r2dii.plot,in grammar,"Scale, Theme"
r2glmm,other,NA
r2spss,in grammar,"Scale, Theme"
r4lineups,other,NA
r4pde,in grammar,Theme
r4ss,other,NA
r6qualitytools,other,NA
rADA,other,NA
rBiasCorrection,other,NA
rChEA3,other,NA
rFIA,other,NA
rKIN,other,NA
rKOMICS,other,NA
rLakeHabitat,other,NA
rPACI,other,NA
rPBK,other,NA
rQSAR,other,NA
rSAFE,other,NA
rSDR,other,NA
rSEA,other,NA
rSRD,other,NA
rStrava,other,NA
rTG,other,NA
rTLsDeep,other,NA
rYWAASB,other,NA
radiant.basics,other,NA
radiant.data,in grammar,Theme
radiant.model,in grammar,Scale
radiant.multivariate,other,NA
radsafer,other,NA
rags2ridges,other,NA
rai,other,NA
rainette,other,NA
randomForestExplainer,other,NA
randomForestVIP,other,NA
randomUniformForest,other,NA
randomizeR,other,NA
randotools,other,NA
rankinPlot,other,NA
raptools,other,NA
raptr,other,NA
rassta,other,NA
rasterdiv,other,NA
rater,other,NA
rattle,other,NA
rawKS,other,NA
rbbnp,other,NA
rbcc,other,NA
rbin,other,NA
rbioacc,other,NA
rbiom,other,NA
rbranding,other,NA
rcartocolor,in grammar,Scale
rciplot,other,NA
rcontroll,other,NA
rcssci,other,NA
rd2d,other,NA
rdacca.hp,other,NA
rddensity,other,NA
rddtools,other,NA
rdlearn,other,NA
rdmulti,other,NA
rdrobust,other,NA
rdss,in grammar,Theme
reReg,other,NA
readyomics,other,NA
reappraised,other,NA
recalibratiNN,other,NA
redist,other,NA
ref.ICAR,other,NA
refreg,other,NA
refund,other,NA
refund.shiny,other,NA
reghelper,other,NA
regr.easy,other,NA
regressinator,other,NA
regrrr,other,NA
regtomean,other,NA
reinsureR,other,NA
reliabilitydiag,other,NA
relsurv,other,NA
remaCor,other,NA
remiod,other,NA
reportRmd,other,NA
reproducer,other,NA
rerddapXtracto,other,NA
reservoirnet,other,NA
reslr,other,NA
resourcecode,other,NA
restriktor,other,NA
resumiR,other,NA
retimer,other,NA
retmort,other,NA
rfPermute,other,NA
rfVarImpOOB,other,NA
rfigshare,other,NA
rfisheries,other,NA
rfishnet2,other,NA
rfm,other,NA
rfriend,other,NA
rgbif,other,NA
rgm,other,NA
rgnoisefilt,other,NA
rhierbaps,other,NA
ri2,other,NA
riAFTBART,other,NA
rice,other,NA
rifreg,other,NA
rimu,other,NA
rinat,other,NA
rioplot,other,NA
rise,other,NA
riskCommunicator,other,NA
riskRegression,other,NA
riskdiff,other,NA
riskscores,other,NA
ritalic,other,NA
rlfsm,other,NA
rliger,other,NA
rmcfs,other,NA
rmetalog,other,NA
rmlnomogram,other,NA
rmoo,in grammar,Scale
rms,other,NA
rmsMD,other,NA
rmsb,other,NA
rmweather,other,NA
rnaCrosslinkOO,other,NA
rnmamod,other,NA
rnrfa,other,NA
roahd,other,NA
robCompositions,other,NA
robber,other,NA
robcat,other,NA
robin,other,NA
robis,other,NA
robmed,other,NA
robmedExtra,in grammar,Theme
robomit,other,NA
robustHD,other,NA
robustT2,other,NA
robvis,other,NA
rock,other,NA
roclab,other,NA
roptions,other,NA
rotations,other,NA
rotatogram,other,NA
rphylopic,in grammar,"Layer (Geom/Stat), Scale"
rplec,other,NA
rpm,other,NA
rprev,other,NA
rpsftm,other,NA
rrda,other,NA
rrecsys,other,NA
rreg,other,NA
rrepast,other,NA
rrpack,other,NA
rrr,other,NA
rrtable,other,NA
rshift,other,NA
rsimsum,other,NA
rstan,other,NA
rstanarm,other,NA
rstanemax,other,NA
rtemps,other,NA
rtestim,other,NA
rticulate,in grammar,Layer (Geom/Stat)
rtip,other,NA
rtms,other,NA
rtpcr,other,NA
rtrek,in grammar,Theme
ruminate,other,NA
runcharter,other,NA
rupturesRcpp,other,NA
rusk,other,NA
ruv,other,NA
rvertnet,other,NA
rwa,other,NA
rwicc,other,NA
rwty,other,NA
rxode2,in grammar,"Layer (Geom/Stat), Scale, Facet"
sGMRFmix,other,NA
sMSROC,other,NA
sNPLS,other,NA
sRNAGenetic,other,NA
sValues,other,NA
sae4health,other,NA
saeRobust,other,NA
saeSim,other,NA
saeTrafo,other,NA
saemix,other,NA
saens,other,NA
safetyCharts,other,NA
sageR,other,NA
salmonMSE,other,NA
sampbias,other,NA
sampcompR,other,NA
samplr,other,NA
sansa,other,NA
santaR,other,NA
sapfluxnetr,other,NA
saros,other,NA
sbm,other,NA
scCustomize,in grammar,Theme
scGate,other,NA
scITD,in grammar,Scale
scMappR,other,NA
scR,other,NA
scRNAstat,other,NA
scRNAtools,other,NA
scSpatialSIM,other,NA
scStability,other,NA
scatr,other,NA
scatterbar,other,NA
scattermore,in grammar,Layer (Geom/Stat)
scatterpie,in grammar,Layer (Geom/Stat)
sccore,other,NA
scdtb,other,NA
scf,other,NA
scholar,other,NA
scistreer,other,NA
scitb,other,NA
scoper,other,NA
scorecard,other,NA
scorecardModelUtils,other,NA
scoringutils,in grammar,Theme
scpi,other,NA
scplot,other,NA
scpoisson,other,NA
scqe,other,NA
scregclust,other,NA
scrutiny,other,NA
sctransform,other,NA
sdamr,in grammar,Layer (Geom/Stat)
sdcMicro,other,NA
searchAnalyzeR,other,NA
season,other,NA
secsse,other,NA
sectorgap,other,NA
sedproxy,other,NA
see,in grammar,"Layer (Geom/Stat), Scale, Coordinate, Theme"
seecolor,other,NA
segclust2d,in grammar,Layer (Geom/Stat)
segen,other,NA
semEffect,other,NA
semfindr,other,NA
semhelpinghands,other,NA
semicmprskcoxmsm,other,NA
semlbci,other,NA
semtree,other,NA
sendigR,other,NA
senseweight,other,NA
sensiPhy,other,NA
sensitivity,other,NA
sensitivityCalibration,other,NA
sensobol,other,NA
sentimentr,other,NA
sentometrics,other,NA
sephora,other,NA
seqHMM,other,NA
serocalculator,other,NA
serofoi,other,NA
serosv,other,NA
sffdr,other,NA
sfhelper,other,NA
sfhotspot,other,NA
sfislands,other,NA
sgboost,other,NA
sgd,other,NA
sgdGMF,other,NA
sglg,other,NA
sglr,other,NA
sgmodel,other,NA
sgplot,in grammar,"Scale, Theme"
sgraph,in grammar,Scale
sgsR,other,NA
sgstar,other,NA
shadowVIMP,other,NA
shadowtext,in grammar,Layer (Geom/Stat)
shapley,other,NA
shapper,in grammar,Theme
shapviz,other,NA
shazam,other,NA
sherlock,in grammar,"Scale, Theme"
shinipsum,other,NA
shiny.benchmark,other,NA
shinyCohortBuilder,other,NA
shinyKGode,other,NA
shinyML,other,NA
shinyMixR,in grammar,Theme
shinySIR,other,NA
shinySbm,other,NA
shinyTempSignal,other,NA
shinyloadtest,other,NA
shinymodels,other,NA
shinymrp,other,NA
shinystan,other,NA
shoredate,other,NA
shortIRT,other,NA
shorts,other,NA
sicegar,other,NA
sidier,other,NA
sievePH,other,NA
sigminer,other,NA
siland,other,NA
sim.BA,other,NA
simET,other,NA
simPH,other,NA
simaerep,other,NA
simfit,other,NA
simlandr,other,NA
simmer.plot,other,NA
simmr,other,NA
simplecolors,other,NA
simrel,other,NA
simulariatools,other,NA
simulateDCE,other,NA
singleCellHaystack,other,NA
sirus,other,NA
sistmr,other,NA
sitar,other,NA
sitepickR,other,NA
sitree,other,NA
sjPlot,in grammar,"Scale, Theme"
sjSDM,other,NA
skewlmm,other,NA
skipTrack,other,NA
skytrackr,other,NA
sleepwalk,other,NA
slendr,other,NA
smallsets,other,NA
smdi,other,NA
smoof,other,NA
smoothic,other,NA
smpic,other,NA
smplot2,other,NA
snahelper,other,NA
snap,other,NA
snazzieR,other,NA
snfa,other,NA
snpAIMeR,other,NA
snplinkage,other,NA
soc.ca,other,NA
socialh,other,NA
soiltestcorr,other,NA
sonicscrewdriver,other,NA
sorvi,other,NA
sovereign,other,NA
spDates,other,NA
spEDM,other,NA
spFSR,other,NA
spNetwork,other,NA
spStack,other,NA
spareg,other,NA
sparseDFM,other,NA
sparsediscrim,other,NA
sparsegl,other,NA
sparsereg,other,NA
spatPomp,other,NA
spatgeom,other,NA
spatialGE,other,NA
spatialRF,other,NA
spatialTIME,other,NA
spatialreg.hp,other,NA
spatialrisk,other,NA
spatialsample,other,NA
spatialwarnings,other,NA
spcosa,other,NA
speakr,other,NA
speaq,other,NA
speccurvieR,other,NA
specieschrom,other,NA
specr,other,NA
spect,other,NA
spectacles,other,NA
spectrakit,other,NA
spectralR,other,NA
spectre,other,NA
spef,other,NA
spikeSlabGAM,other,NA
spinBayes,other,NA
spind,other,NA
spinebil,other,NA
spinifex,in grammar,"Scale, Facet, Theme"
spinner,other,NA
spiro,other,NA
splineplot,other,NA
splinetree,other,NA
splithalf,other,NA
splmm,other,NA
splutil,other,NA
spmoran,other,NA
spongecake,other,NA
spooky,other,NA
spork,other,NA
sport,other,NA
sportyR,in grammar,Layer (Geom/Stat)
spotoroo,other,NA
spqdep,other,NA
sprex,other,NA
sprtt,other,NA
spsur,other,NA
sptotal,other,NA
squant,other,NA
squid,other,NA
sr,other,NA
sreg,other,NA
ss3sim,other,NA
ssMRCD,other,NA
ssMousetrack,other,NA
ssMutPA,other,NA
ssaBSS,other,NA
ssd4mosaic,other,NA
ssdtools,in grammar,"Layer (Geom/Stat), Scale"
ssifs,other,NA
stRoke,other,NA
staRdom,in grammar,Layer (Geom/Stat)
stabiliser,other,NA
stability,other,NA
stabilo,other,NA
stacks,other,NA
starma,other,NA
starry,in grammar,Layer (Geom/Stat)
starvz,other,NA
statConfR,other,NA
statar,in grammar,Layer (Geom/Stat)
statcheck,other,NA
statdecideR,other,NA
statebins,in grammar,"Layer (Geom/Stat), Theme"
statforbiology,other,NA
statgenGWAS,other,NA
statgenGxE,other,NA
statgenHTP,other,NA
statgenIBD,other,NA
statgenMPP,other,NA
statgenSTA,other,NA
statisR,other,NA
statsr,other,NA
stdmod,other,NA
stelfi,other,NA
steppedwedge,other,NA
stevemisc,in grammar,Theme
stevethemes,other,NA
stminsights,other,NA
stochvolTMB,other,NA
stodom,other,NA
stpp,other,NA
stppSim,other,NA
strand,other,NA
stray,other,NA
structSSI,other,NA
strvalidator,other,NA
sts,other,NA
studentlife,other,NA
stxplore,other,NA
suRface.analytics,other,NA
subscreen,other,NA
success,other,NA
suddengains,other,NA
sugarglider,other,NA
sugrrants,in grammar,"Layer (Geom/Stat), Facet"
sulcimap,other,NA
sumvar,other,NA
superb,in grammar,Layer (Geom/Stat)
superheat,other,NA
supportR,in grammar,Theme
sure,other,NA
surtvep,other,NA
survHE,in grammar,Theme
survMisc,other,NA
survParamSim,other,NA
survSens,other,NA
survdnn,other,NA
surveil,other,NA
survex,in grammar,Theme
survextrap,other,NA
surveyPrev,other,NA
surveydata,other,NA
surveyexplorer,other,NA
surveysd,other,NA
survidm,other,NA
survivoR,in grammar,Scale
survminer,in grammar,Theme
survobj,other,NA
survstan,other,NA
susieR,other,NA
svars,other,NA
svplots,other,NA
swa,other,NA
swfscMisc,other,NA
swimplot,other,NA
swissparl,other,NA
symphony,other,NA
symptomcheckR,other,NA
synr,other,NA
syntenyPlotteR,other,NA
synthpop,other,NA
sysAgNPs,other,NA
sysid,other,NA
tEDM,other,NA
tRigon,other,NA
tabledown,other,NA
tablesgg,other,NA
tabnet,other,NA
tabr,in grammar,Scale
tabularmaps,in grammar,"Scale, Theme"
tagtools,other,NA
talkr,in grammar,"Layer (Geom/Stat), Theme"
tall,other,NA
tame,other,NA
tashu,other,NA
taskqueue,other,NA
tastypie,other,NA
taylor,in grammar,Scale
tbrf,in grammar,Layer (Geom/Stat)
tcgaViz,other,NA
tci,other,NA
tcpl,other,NA
tcplfit2,other,NA
tdr,other,NA
teal.modules.clinical,other,NA
teal.modules.general,in grammar,Layer (Geom/Stat)
teal.widgets,other,NA
teamcolors,in grammar,Scale
tectonicr,other,NA
telemetR,other,NA
telraamStats,other,NA
temper,other,NA
tempted,other,NA
tensorBSS,other,NA
tepr,other,NA
tern,in grammar,Layer (Geom/Stat)
tern.mmrm,other,NA
terrainr,in grammar,Layer (Geom/Stat)
testarguments,other,NA
testcorr,other,NA
tetraclasse,other,NA
tetragon,other,NA
texmex,in grammar,Layer (Geom/Stat)
text,other,NA
text2sdg,other,NA
textanalyzer,other,NA
texteffect,other,NA
texter,other,NA
tfrmt,other,NA
tgamtheme,in grammar,"Scale, Theme"
tglkmeans,other,NA
theftdlc,other,NA
thematic,other,NA
thief,other,NA
thinkr,other,NA
tickr,in grammar,Scale
tidyAML,other,NA
tidyBdE,in grammar,"Scale, Theme"
tidyCDISC,other,NA
tidyEdSurvey,other,NA
tidyLPA,other,NA
tidyMC,other,NA
tidySEM,other,NA
tidyUSDA,other,NA
tidybayes,in grammar,"Layer (Geom/Stat), Scale, Facet, Theme"
tidybins,other,NA
tidychangepoint,other,NA
tidycmprsk,other,NA
tidycomm,other,NA
tidydice,other,NA
tidydr,in grammar,Theme
tidyestimate,other,NA
tidygam,other,NA
tidygate,other,NA
tidyindex,in grammar,Theme
tidymodels,other,NA
tidypaleo,in grammar,"Layer (Geom/Stat), Scale, Facet, Theme"
tidyplots,in grammar,Theme
tidypopgen,in grammar,"Scale, Theme"
tidyposterior,other,NA
tidyquant,in grammar,"Layer (Geom/Stat), Scale, Coordinate, Theme"
tidysdm,in grammar,Layer (Geom/Stat)
tidyseurat,other,NA
tidyspec,other,NA
tidysynth,other,NA
tidyterra,in grammar,"Layer (Geom/Stat), Scale"
tidytlg,other,NA
tidyusmacro,in grammar,"Scale, Theme"
tidyverse,other,NA
tidyvpc,other,NA
tidywater,other,NA
tigger,other,NA
tikatuwq,other,NA
tilemaps,other,NA
timbeR,other,NA
timelineS,other,NA
timeplyr,in grammar,Scale
timetk,other,NA
tintin,in grammar,Scale
tinyarray,other,NA
tinyscholar,other,NA
tinythemes,in grammar,Theme
tip,other,NA
tipmap,other,NA
tipsae,other,NA
tldr,other,NA
tmod,other,NA
tmt,other,NA
tna,other,NA
toolmaRk,other,NA
topics,other,NA
topologyR,other,NA
topolow,other,NA
topr,other,NA
torchMAUM,other,NA
tornado,other,NA
toscca,in grammar,Scale
toxEval,other,NA
toxSummary,other,NA
toxpiR,other,NA
tracee,other,NA
track2KBA,other,NA
trackeR,other,NA
trackopt,other,NA
tradepolicy,other,NA
traineR,other,NA
traitstrap,other,NA
trajmsm,other,NA
transPlotR,other,NA
transformerForecasting,other,NA
transmem,other,NA
traumar,in grammar,"Layer (Geom/Stat), Theme"
trawl,other,NA
treeDA,other,NA
treeclim,other,NA
treefit,other,NA
treeheatr,in grammar,Scale
treemap,other,NA
treemapify,in grammar,Layer (Geom/Stat)
treeshap,in grammar,Theme
treesliceR,other,NA
trekcolors,in grammar,Scale
trelliscopejs,in grammar,Facet
trendtestR,other,NA
trialr,other,NA
tricolore,other,NA
trinROC,other,NA
triptych,other,NA
trtswitch,other,NA
tsdataleaks,other,NA
tseffects,other,NA
tsentiment,other,NA
tsfgrnn,other,NA
tsfknn,other,NA
tsgc,other,NA
tsiR,other,NA
tsnet,other,NA
tspmeta,other,NA
tsviz,other,NA
tswge,other,NA
tune,in grammar,Coordinate
turkeyelections,other,NA
tvm,other,NA
twang,other,NA
twig,other,NA
twomodeclusteringGA,other,NA
twowaytests,other,NA
txshift,other,NA
ubair,in grammar,Scale
ubiquity,other,NA
ubms,other,NA
ufs,other,NA
ulrb,other,NA
ultrapolaRplot,other,NA
umiAnalyzer,other,NA
umx,other,NA
unfold,other,NA
unhcrthemes,in grammar,"Scale, Theme"
unikn,in grammar,Theme
unsum,other,NA
unusualprofile,other,NA
uotm,other,NA
updog,other,NA
upset.hp,other,NA
upstartr,in grammar,Scale
useful,other,NA
ushr,other,NA
utile.visuals,in grammar,"Layer (Geom/Stat), Theme"
utsf,other,NA
vacalibration,other,NA
vaccine,other,NA
vaccineff,other,NA
vachette,other,NA
valhallr,other,NA
valr,other,NA
vangogh,in grammar,"Scale, Theme"
vannstats,other,NA
varian,other,NA
vaxineR,other,NA
vayr,other,NA
vchartr,other,NA
vcmeta,other,NA
vctsfr,other,NA
vecmatch,other,NA
vectorsurvR,other,NA
veesa,other,NA
vhcub,other,NA
vibass,other,NA
vici,other,NA
viewpoly,other,NA
vigicaen,other,NA
vimpclust,other,NA
vip,other,NA
viridis,in grammar,Scale
virtualPollen,other,NA
visa,other,NA
visae,other,NA
viscomp,other,NA
visdat,other,NA
vistime,other,NA
vistributions,other,NA
visualpred,other,NA
visvaR,other,NA
visvow,other,NA
visxhclust,in grammar,Facet
vital,other,NA
vivainsights,in grammar,Theme
vivaldi,other,NA
vivid,in grammar,Layer (Geom/Stat)
vivo,other,NA
vmeasur,other,NA
vmsae,other,NA
voi,other,NA
voice,other,NA
voiceR,other,NA
volatilityTrader,other,NA
volcano3D,other,NA
volcanoPlot,other,NA
volker,in grammar,Theme
voluModel,other,NA
voteogram,in grammar,Theme
voxel,other,NA
vpc,in grammar,Theme
vsp,other,NA
wacolors,in grammar,Scale
wactor,other,NA
waetr,other,NA
wakefield,other,NA
walkboutr,other,NA
walker,other,NA
walrus,other,NA
waou,other,NA
washi,other,NA
waterfalls,other,NA
waves,other,NA
wearables,other,NA
webSDM,other,NA
webr,other,NA
weed,other,NA
weibulltools,other,NA
weightr,other,NA
weird,other,NA
welo,other,NA
wevid,other,NA
wgaim,other,NA
whatifbandit,other,NA
whippr,in grammar,Theme
whoa,other,NA
whomds,other,NA
wideRhino,other,NA
wikiprofiler,other,NA
wilson,other,NA
windows.pls,other,NA
wingen,other,NA
wordmap,other,NA
wordpredictor,other,NA
workflowsets,other,NA
worrrd,other,NA
wpa,in grammar,Theme
wpeR,other,NA
wppExplorer,other,NA
wql,other,NA
wqspt,other,NA
wqtrends,other,NA
wrappedtools,other,NA
wsjplot,in grammar,Theme
xadmix,other,NA
xgrove,other,NA
xgxr,in grammar,Theme
xkcd,in grammar,"Layer (Geom/Stat), Theme"
xmrr,other,NA
xpect,other,NA
xpose,in grammar,"Facet, Theme"
xpose.nlmixr2,in grammar,Theme
xpose.xtras,other,NA
xray,other,NA
xsp,other,NA
xvm,other,NA
xxIRT,other,NA
xxdi,other,NA
yamlet,other,NA
ycevo,other,NA
yorkr,other,NA
ypr,other,NA
yuimaGUI,other,NA
zcurve,other,NA
zebu,other,NA
ztils,other,NA
ztype,other,NA
